SECUCODE,002594.SZ
SECURITY_CODE,002594
SECURITY_NAME_ABBR,比亚迪
ORG_CODE,10010554
ORG_TYPE,通用
REPORT_DATE,2025-12-31 00:00:00
REPORT_TYPE,年报
REPORT_DATE_NAME,2025年报
SECURITY_TYPE_CODE,058001001
NOTICE_DATE,2026-03-28 00:00:00
UPDATE_DATE,2026-04-29 00:00:00
CURRENCY,CNY
ACCEPT_DEPOSIT_INTERBANK,None
ACCOUNTS_PAYABLE,186742375000
ACCOUNTS_RECE,37004685000
ACCRUED_EXPENSE,None
ADVANCE_RECEIVABLES,None
AGENT_TRADE_SECURITY,None
AGENT_UNDERWRITE_SECURITY,None
AMORTIZE_COST_FINASSET,None
AMORTIZE_COST_FINLIAB,None
AMORTIZE_COST_NCFINASSET,None
AMORTIZE_COST_NCFINLIAB,None
APPOINT_FVTPL_FINASSET,None
APPOINT_FVTPL_FINLIAB,None
ASSET_BALANCE,0
ASSET_OTHER,None
ASSIGN_CASH_DIVIDEND,None
AVAILABLE_SALE_FINASSET,None
BOND_PAYABLE,4997910000
BORROW_FUND,None
BUY_RESALE_FINASSET,None
CAPITAL_RESERVE,95276659000
CIP,48293781000
CONSUMPTIVE_BIOLOGICAL_ASSET,None
CONTRACT_ASSET,1165068000
CONTRACT_LIAB,51471055000
CONVERT_DIFF,None
CREDITOR_INVEST,None
CURRENT_ASSET_BALANCE,0
CURRENT_ASSET_OTHER,None
CURRENT_LIAB_BALANCE,0
CURRENT_LIAB_OTHER,5384983000
DEFER_INCOME,None
DEFER_INCOME_1YEAR,None
DEFER_TAX_ASSET,15358088000
DEFER_TAX_LIAB,1617317000
DERIVE_FINASSET,None
DERIVE_FINLIAB,550144000
DEVELOP_EXPENSE,5971312000
DIV_HOLDSALE_ASSET,None
DIV_HOLDSALE_LIAB,None
DIVIDEND_PAYABLE,None
DIVIDEND_RECE,None
EQUITY_BALANCE,0
EQUITY_OTHER,None
EXPORT_REFUND_RECE,None
FEE_COMMISSION_PAYABLE,None
FIN_FUND,None
FINANCE_RECE,5484126000
FIXED_ASSET,292775929000
FIXED_ASSET_DISPOSAL,None
FVTOCI_FINASSET,None
FVTOCI_NCFINASSET,None
FVTPL_FINASSET,None
FVTPL_FINLIAB,None
GENERAL_RISK_RESERVE,None
GOODWILL,4427571000
HOLD_MATURITY_INVEST,None
HOLDSALE_ASSET,None
HOLDSALE_LIAB,None
INSURANCE_CONTRACT_RESERVE,None
INTANGIBLE_ASSET,41485229000
INTEREST_PAYABLE,None
INTEREST_RECE,None
INTERNAL_PAYABLE,None
INTERNAL_RECE,None
INVENTORY,138420580000
INVEST_REALESTATE,58520000
LEASE_LIAB,8620487000
LEND_FUND,None
LIAB_BALANCE,0
LIAB_EQUITY_BALANCE,None
LIAB_EQUITY_OTHER,None
LIAB_OTHER,None
LOAN_ADVANCE,None
LOAN_PBC,None
LONG_EQUITY_INVEST,21781418000
LONG_LOAN,60705569000
LONG_PAYABLE,None
LONG_PREPAID_EXPENSE,4171222000
LONG_RECE,13056606000
LONG_STAFFSALARY_PAYABLE,None
MINORITY_EQUITY,12264579000
MONETARYFUNDS,75424747000
NONCURRENT_ASSET_1YEAR,20533911000
NONCURRENT_ASSET_BALANCE,0
NONCURRENT_ASSET_OTHER,None
NONCURRENT_LIAB_1YEAR,6311964000
NONCURRENT_LIAB_BALANCE,0
NONCURRENT_LIAB_OTHER,None
NOTE_ACCOUNTS_PAYABLE,209206258000
NOTE_ACCOUNTS_RECE,37004685000
NOTE_PAYABLE,22463883000
NOTE_RECE,None
OIL_GAS_ASSET,None
OTHER_COMPRE_INCOME,3251842000
OTHER_CREDITOR_INVEST,None
OTHER_CURRENT_ASSET,30723475000
OTHER_CURRENT_LIAB,10817944000
OTHER_EQUITY_INVEST,8610322000
OTHER_EQUITY_OTHER,None
OTHER_EQUITY_TOOL,18733984000
OTHER_NONCURRENT_ASSET,44109592000
OTHER_NONCURRENT_FINASSET,3079960000
OTHER_NONCURRENT_LIAB,80798058000
OTHER_PAYABLE,None
OTHER_RECE,None
PARENT_EQUITY_BALANCE,0
PARENT_EQUITY_OTHER,None
PERPETUAL_BOND,18733984000
PERPETUAL_BOND_PAYBALE,None
PREDICT_CURRENT_LIAB,5384983000
PREDICT_LIAB,None
PREFERRED_SHARES,None
PREFERRED_SHARES_PAYBALE,None
PREMIUM_RECE,None
PREPAYMENT,5024873000
PRODUCTIVE_BIOLOGY_ASSET,None
PROJECT_MATERIAL,None
RC_RESERVE_RECE,None
REINSURE_PAYABLE,None
REINSURE_RECE,None
SELL_REPO_FINASSET,None
SETTLE_EXCESS_RESERVE,None
SHARE_CAPITAL,9117198000
SHORT_BOND_PAYABLE,None
SHORT_FIN_PAYABLE,None
SHORT_LOAN,38484710000
SPECIAL_PAYABLE,None
SPECIAL_RESERVE,31078000
STAFF_SALARY_PAYABLE,16025385000
SUBSIDY_RECE,None
SURPLUS_RESERVE,7794688000
TAX_PAYABLE,10716012000
TOTAL_ASSETS,883729883000
TOTAL_CURRENT_ASSETS,371467558000
TOTAL_CURRENT_LIAB,468451357000
TOTAL_EQUITY,258539185000
TOTAL_LIAB_EQUITY,883729883000
TOTAL_LIABILITIES,625190698000
TOTAL_NONCURRENT_ASSETS,512262325000
TOTAL_NONCURRENT_LIAB,156739341000
TOTAL_OTHER_PAYABLE,119482902000
TOTAL_OTHER_RECE,3153552000
TOTAL_PARENT_EQUITY,246274606000
TRADE_FINASSET,None
TRADE_FINASSET_NOTFVTPL,54532541000
TRADE_FINLIAB,None
TRADE_FINLIAB_NOTFVTPL,None
TREASURY_SHARES,3988271000
UNASSIGN_RPOFIT,116057428000
UNCONFIRM_INVEST_LOSS,None
USERIGHT_ASSET,9082775000
ACCEPT_DEPOSIT_INTERBANK_YOY,None
ACCOUNTS_PAYABLE_YOY,-22.7198605661
ACCOUNTS_RECE_YOY,-40.6014669131
ACCRUED_EXPENSE_YOY,None
ADVANCE_RECEIVABLES_YOY,None
AGENT_TRADE_SECURITY_YOY,None
AGENT_UNDERWRITE_SECURITY_YOY,None
AMORTIZE_COST_FINASSET_YOY,None
AMORTIZE_COST_FINLIAB_YOY,None
AMORTIZE_COST_NCFINASSET_YOY,None
AMORTIZE_COST_NCFINLIAB_YOY,None
APPOINT_FVTPL_FINASSET_YOY,None
APPOINT_FVTPL_FINLIAB_YOY,None
ASSET_BALANCE_YOY,None
ASSET_OTHER_YOY,None
ASSIGN_CASH_DIVIDEND_YOY,None
AVAILABLE_SALE_FINASSET_YOY,None
BOND_PAYABLE_YOY,None
BORROW_FUND_YOY,None
BUY_RESALE_FINASSET_YOY,None
CAPITAL_RESERVE_YOY,57.0164661796
CIP_YOY,142.0214035611
CONSUMPTIVE_BIOLOGICAL_ASSET_YOY,None
CONTRACT_ASSET_YOY,-17.4027553967
CONTRACT_LIAB_YOY,17.70304932
CONVERT_DIFF_YOY,None
CREDITOR_INVEST_YOY,None
CURRENT_ASSET_BALANCE_YOY,None
CURRENT_ASSET_OTHER_YOY,None
CURRENT_LIAB_BALANCE_YOY,None
CURRENT_LIAB_OTHER_YOY,None
DEFER_INCOME_1YEAR_YOY,None
DEFER_INCOME_YOY,None
DEFER_TAX_ASSET_YOY,79.4275641592
DEFER_TAX_LIAB_YOY,-41.9793261594
DERIVE_FINASSET_YOY,None
DERIVE_FINLIAB_YOY,27503.8133467135
DEVELOP_EXPENSE_YOY,1075.367196942
DIV_HOLDSALE_ASSET_YOY,None
DIV_HOLDSALE_LIAB_YOY,None
DIVIDEND_PAYABLE_YOY,None
DIVIDEND_RECE_YOY,None
EQUITY_BALANCE_YOY,None
EQUITY_OTHER_YOY,None
EXPORT_REFUND_RECE_YOY,None
FEE_COMMISSION_PAYABLE_YOY,None
FIN_FUND_YOY,None
FINANCE_RECE_YOY,-47.520154611
FIXED_ASSET_DISPOSAL_YOY,None
FIXED_ASSET_YOY,11.6241338286
FVTOCI_FINASSET_YOY,None
FVTOCI_NCFINASSET_YOY,None
FVTPL_FINASSET_YOY,None
FVTPL_FINLIAB_YOY,None
GENERAL_RISK_RESERVE_YOY,None
GOODWILL_YOY,0
HOLD_MATURITY_INVEST_YOY,None
HOLDSALE_ASSET_YOY,None
HOLDSALE_LIAB_YOY,None
INSURANCE_CONTRACT_RESERVE_YOY,None
INTANGIBLE_ASSET_YOY,7.9671819055
INTEREST_PAYABLE_YOY,None
INTEREST_RECE_YOY,None
INTERNAL_PAYABLE_YOY,None
INTERNAL_RECE_YOY,None
INVENTORY_YOY,19.2908211941
INVEST_REALESTATE_YOY,-2.8358902836
LEASE_LIAB_YOY,-12.7124766618
LEND_FUND_YOY,None
LIAB_BALANCE_YOY,None
LIAB_EQUITY_BALANCE_YOY,None
LIAB_EQUITY_OTHER_YOY,None
LIAB_OTHER_YOY,None
LOAN_ADVANCE_YOY,None
LOAN_PBC_YOY,None
LONG_EQUITY_INVEST_YOY,14.1434432896
LONG_LOAN_YOY,635.1312930609
LONG_PAYABLE_YOY,None
LONG_PREPAID_EXPENSE_YOY,-16.6874820366
LONG_RECE_YOY,27.9290081827
LONG_STAFFSALARY_PAYABLE_YOY,None
MINORITY_EQUITY_YOY,-8.7260313885
MONETARYFUNDS_YOY,-26.5858707194
NONCURRENT_ASSET_1YEAR_YOY,80.4468306109
NONCURRENT_ASSET_BALANCE_YOY,None
NONCURRENT_ASSET_OTHER_YOY,None
NONCURRENT_LIAB_1YEAR_YOY,-38.2546569724
NONCURRENT_LIAB_BALANCE_YOY,None
NONCURRENT_LIAB_OTHER_YOY,None
NOTE_ACCOUNTS_PAYABLE_YOY,-14.2693644837
NOTE_ACCOUNTS_RECE_YOY,-40.6014669131
NOTE_PAYABLE_YOY,842.2785524808
NOTE_RECE_YOY,None
OIL_GAS_ASSET_YOY,None
OTHER_COMPRE_INCOME_YOY,125.7258006297
OTHER_CREDITOR_INVEST_YOY,None
OTHER_CURRENT_ASSET_YOY,73.2932265805
OTHER_CURRENT_LIAB_YOY,99.4509815056
OTHER_EQUITY_INVEST_YOY,1.2848818381
OTHER_EQUITY_OTHER_YOY,None
OTHER_EQUITY_TOOL_YOY,25.7783541001
OTHER_NONCURRENT_ASSET_YOY,95.7298548031
OTHER_NONCURRENT_FINASSET_YOY,15.9953224655
OTHER_NONCURRENT_LIAB_YOY,19.239356226
OTHER_PAYABLE_YOY,None
OTHER_RECE_YOY,None
PARENT_EQUITY_BALANCE_YOY,None
PARENT_EQUITY_OTHER_YOY,None
PERPETUAL_BOND_PAYBALE_YOY,None
PERPETUAL_BOND_YOY,25.7783541001
PREDICT_CURRENT_LIAB_YOY,51.8108968712
PREDICT_LIAB_YOY,None
PREFERRED_SHARES_PAYBALE_YOY,None
PREFERRED_SHARES_YOY,None
PREMIUM_RECE_YOY,None
PREPAYMENT_YOY,26.4429773054
PRODUCTIVE_BIOLOGY_ASSET_YOY,None
PROJECT_MATERIAL_YOY,None
RC_RESERVE_RECE_YOY,None
REINSURE_PAYABLE_YOY,None
REINSURE_RECE_YOY,None
SELL_REPO_FINASSET_YOY,None
SETTLE_EXCESS_RESERVE_YOY,None
SHARE_CAPITAL_YOY,213.3848194012
SHORT_BOND_PAYABLE_YOY,None
SHORT_FIN_PAYABLE_YOY,None
SHORT_LOAN_YOY,217.9694713958
SPECIAL_PAYABLE_YOY,None
SPECIAL_RESERVE_YOY,5.4886120634
STAFF_SALARY_PAYABLE_YOY,-26.6344311519
SUBSIDY_RECE_YOY,None
SURPLUS_RESERVE_YOY,5.7037705142
TAX_PAYABLE_YOY,6.1315776546
TOTAL_ASSETS_YOY,12.813337305
TOTAL_CURRENT_ASSETS_YOY,0.2416030921
TOTAL_CURRENT_LIAB_YOY,-5.5513390989
TOTAL_EQUITY_YOY,30.1230638201
TOTAL_LIAB_EQUITY_YOY,12.813337305
TOTAL_LIABILITIES_YOY,6.9309550951
TOTAL_NONCURRENT_ASSETS_YOY,24.0994824768
TOTAL_NONCURRENT_LIAB_YOY,76.7421915515
TOTAL_OTHER_PAYABLE_YOY,-17.59185893
TOTAL_OTHER_RECE_YOY,-12.7896615902
TOTAL_PARENT_EQUITY_YOY,32.9409653613
TRADE_FINASSET_NOTFVTPL_YOY,34.6100400736
TRADE_FINASSET_YOY,None
TRADE_FINLIAB_NOTFVTPL_YOY,None
TRADE_FINLIAB_YOY,None
TREASURY_SHARES_YOY,450.8905089728
UNASSIGN_RPOFIT_YOY,17.6482750339
UNCONFIRM_INVEST_LOSS_YOY,None
USERIGHT_ASSET_YOY,-14.1114594775
OPINION_TYPE,标准无保留意见
OSOPINION_TYPE,None
LISTING_STATE,0
SECUCODE,002594.SZ
SECURITY_CODE,002594
SECURITY_NAME_ABBR,比亚迪
ORG_CODE,10010554
ORG_TYPE,通用
REPORT_DATE,2024-12-31 00:00:00
REPORT_TYPE,年报
REPORT_DATE_NAME,2024年报
SECURITY_TYPE_CODE,058001001
NOTICE_DATE,2025-03-25 00:00:00
UPDATE_DATE,2026-03-28 00:00:00
CURRENCY,CNY
ACCEPT_DEPOSIT_INTERBANK,None
ACCOUNTS_PAYABLE,241643424000
ACCOUNTS_RECE,62298988000
ACCRUED_EXPENSE,None
ADVANCE_RECEIVABLES,None
AGENT_TRADE_SECURITY,None
AGENT_UNDERWRITE_SECURITY,None
AMORTIZE_COST_FINASSET,None
AMORTIZE_COST_FINLIAB,None
AMORTIZE_COST_NCFINASSET,None
AMORTIZE_COST_NCFINLIAB,None
APPOINT_FVTPL_FINASSET,None
APPOINT_FVTPL_FINLIAB,None
ASSET_BALANCE,0
ASSET_OTHER,None
ASSIGN_CASH_DIVIDEND,None
AVAILABLE_SALE_FINASSET,None
BOND_PAYABLE,None
BORROW_FUND,None
BUY_RESALE_FINASSET,392472000
CAPITAL_RESERVE,60679406000
CIP,19954343000
CONSUMPTIVE_BIOLOGICAL_ASSET,None
CONTRACT_ASSET,1410541000
CONTRACT_LIAB,43729585000
CONVERT_DIFF,None
CREDITOR_INVEST,None
CURRENT_ASSET_BALANCE,0
CURRENT_ASSET_OTHER,11379480000
CURRENT_LIAB_BALANCE,0
CURRENT_LIAB_OTHER,None
DEFER_INCOME,None
DEFER_INCOME_1YEAR,None
DEFER_TAX_ASSET,8559492000
DEFER_TAX_LIAB,2787484000
DERIVE_FINASSET,35093000
DERIVE_FINLIAB,1993000
DEVELOP_EXPENSE,508038000
DIV_HOLDSALE_ASSET,None
DIV_HOLDSALE_LIAB,None
DIVIDEND_PAYABLE,None
DIVIDEND_RECE,None
EQUITY_BALANCE,0
EQUITY_OTHER,None
EXPORT_REFUND_RECE,None
FEE_COMMISSION_PAYABLE,None
FIN_FUND,None
FINANCE_RECE,10449966000
FIXED_ASSET,262287302000
FIXED_ASSET_DISPOSAL,None
FVTOCI_FINASSET,None
FVTOCI_NCFINASSET,None
FVTPL_FINASSET,None
FVTPL_FINLIAB,None
GENERAL_RISK_RESERVE,None
GOODWILL,4427571000
HOLD_MATURITY_INVEST,None
HOLDSALE_ASSET,None
HOLDSALE_LIAB,None
INSURANCE_CONTRACT_RESERVE,None
INTANGIBLE_ASSET,38423925000
INTEREST_PAYABLE,None
INTEREST_RECE,None
INTERNAL_PAYABLE,None
INTERNAL_RECE,None
INVENTORY,116036237000
INVEST_REALESTATE,60228000
LEASE_LIAB,9875967000
LEND_FUND,None
LIAB_BALANCE,0
LIAB_EQUITY_BALANCE,None
LIAB_EQUITY_OTHER,None
LIAB_OTHER,None
LOAN_ADVANCE,None
LOAN_PBC,None
LONG_EQUITY_INVEST,19082496000
LONG_LOAN,8257786000
LONG_PAYABLE,None
LONG_PREPAID_EXPENSE,5006717000
LONG_RECE,10206134000
LONG_STAFFSALARY_PAYABLE,None
MINORITY_EQUITY,13437105000
MONETARYFUNDS,102738734000
NONCURRENT_ASSET_1YEAR,11379480000
NONCURRENT_ASSET_BALANCE,0
NONCURRENT_ASSET_OTHER,None
NONCURRENT_LIAB_1YEAR,10222575000
NONCURRENT_LIAB_BALANCE,0
NONCURRENT_LIAB_OTHER,None
NOTE_ACCOUNTS_PAYABLE,244027420000
NOTE_ACCOUNTS_RECE,62298988000
NOTE_PAYABLE,2383996000
NOTE_RECE,None
OIL_GAS_ASSET,None
OTHER_COMPRE_INCOME,1440616000
OTHER_CREDITOR_INVEST,None
OTHER_CURRENT_ASSET,17729184000
OTHER_CURRENT_LIAB,5423861000
OTHER_EQUITY_INVEST,8501093000
OTHER_EQUITY_OTHER,None
OTHER_EQUITY_TOOL,14894442000
OTHER_NONCURRENT_ASSET,22535955000
OTHER_NONCURRENT_FINASSET,2655245000
OTHER_NONCURRENT_LIAB,67761233000
OTHER_PAYABLE,None
OTHER_RECE,None
PARENT_EQUITY_BALANCE,0
PARENT_EQUITY_OTHER,None
PERPETUAL_BOND,14894442000
PERPETUAL_BOND_PAYBALE,None
PREDICT_CURRENT_LIAB,3547165000
PREDICT_LIAB,None
PREFERRED_SHARES,None
PREFERRED_SHARES_PAYBALE,None
PREMIUM_RECE,None
PREPAYMENT,3974023000
PRODUCTIVE_BIOLOGY_ASSET,None
PROJECT_MATERIAL,None
RC_RESERVE_RECE,None
REINSURE_PAYABLE,None
REINSURE_RECE,None
SELL_REPO_FINASSET,None
SETTLE_EXCESS_RESERVE,None
SHARE_CAPITAL,2909266000
SHORT_BOND_PAYABLE,None
SHORT_FIN_PAYABLE,None
SHORT_LOAN,12103272000
SPECIAL_PAYABLE,None
SPECIAL_RESERVE,29461000
STAFF_SALARY_PAYABLE,21843196000
SUBSIDY_RECE,None
SURPLUS_RESERVE,7374087000
TAX_PAYABLE,10096912000
TOTAL_ASSETS,783355855000
TOTAL_CURRENT_ASSETS,370572244000
TOTAL_CURRENT_LIAB,495985176000
TOTAL_EQUITY,198688209000
TOTAL_LIAB_EQUITY,783355855000
TOTAL_LIABILITIES,584667646000
TOTAL_NONCURRENT_ASSETS,412783611000
TOTAL_NONCURRENT_LIAB,88682470000
TOTAL_OTHER_PAYABLE,144989197000
TOTAL_OTHER_RECE,3616030000
TOTAL_PARENT_EQUITY,185251104000
TRADE_FINASSET,None
TRADE_FINASSET_NOTFVTPL,40511496000
TRADE_FINLIAB,None
TRADE_FINLIAB_NOTFVTPL,None
TREASURY_SHARES,723968000
UNASSIGN_RPOFIT,98647794000
UNCONFIRM_INVEST_LOSS,None
USERIGHT_ASSET,10575072000
ACCEPT_DEPOSIT_INTERBANK_YOY,None
ACCOUNTS_PAYABLE_YOY,24.2831103421
ACCOUNTS_RECE_YOY,0.6998494602
ACCRUED_EXPENSE_YOY,None
ADVANCE_RECEIVABLES_YOY,None
AGENT_TRADE_SECURITY_YOY,None
AGENT_UNDERWRITE_SECURITY_YOY,None
AMORTIZE_COST_FINASSET_YOY,None
AMORTIZE_COST_FINLIAB_YOY,None
AMORTIZE_COST_NCFINASSET_YOY,None
AMORTIZE_COST_NCFINLIAB_YOY,None
APPOINT_FVTPL_FINASSET_YOY,None
APPOINT_FVTPL_FINLIAB_YOY,None
ASSET_BALANCE_YOY,None
ASSET_OTHER_YOY,None
ASSIGN_CASH_DIVIDEND_YOY,None
AVAILABLE_SALE_FINASSET_YOY,None
BOND_PAYABLE_YOY,None
BORROW_FUND_YOY,None
BUY_RESALE_FINASSET_YOY,None
CAPITAL_RESERVE_YOY,-2.1958882091
CIP_YOY,-42.5380683793
CONSUMPTIVE_BIOLOGICAL_ASSET_YOY,None
CONTRACT_ASSET_YOY,-46.9785014504
CONTRACT_LIAB_YOY,26.0272703352
CONVERT_DIFF_YOY,None
CREDITOR_INVEST_YOY,None
CURRENT_ASSET_BALANCE_YOY,None
CURRENT_ASSET_OTHER_YOY,51.5576456135
CURRENT_LIAB_BALANCE_YOY,None
CURRENT_LIAB_OTHER_YOY,None
DEFER_INCOME_1YEAR_YOY,None
DEFER_INCOME_YOY,None
DEFER_TAX_ASSET_YOY,29.9961029229
DEFER_TAX_LIAB_YOY,-29.4457173115
DERIVE_FINASSET_YOY,77.5871666414
DERIVE_FINLIAB_YOY,-74.1605082329
DEVELOP_EXPENSE_YOY,-6.0927911275
DIV_HOLDSALE_ASSET_YOY,None
DIV_HOLDSALE_LIAB_YOY,None
DIVIDEND_PAYABLE_YOY,None
DIVIDEND_RECE_YOY,None
EQUITY_BALANCE_YOY,None
EQUITY_OTHER_YOY,None
EXPORT_REFUND_RECE_YOY,None
FEE_COMMISSION_PAYABLE_YOY,None
FIN_FUND_YOY,None
FINANCE_RECE_YOY,87.7827262331
FIXED_ASSET_DISPOSAL_YOY,None
FIXED_ASSET_YOY,13.5915819842
FVTOCI_FINASSET_YOY,None
FVTOCI_NCFINASSET_YOY,None
FVTPL_FINASSET_YOY,None
FVTPL_FINLIAB_YOY,None
GENERAL_RISK_RESERVE_YOY,None
GOODWILL_YOY,0
HOLD_MATURITY_INVEST_YOY,None
HOLDSALE_ASSET_YOY,None
HOLDSALE_LIAB_YOY,None
INSURANCE_CONTRACT_RESERVE_YOY,None
INTANGIBLE_ASSET_YOY,3.1895361352
INTEREST_PAYABLE_YOY,None
INTEREST_RECE_YOY,None
INTERNAL_PAYABLE_YOY,None
INTERNAL_RECE_YOY,None
INVENTORY_YOY,32.3455073858
INVEST_REALESTATE_YOY,-27.0052114895
LEASE_LIAB_YOY,11.6283414862
LEND_FUND_YOY,None
LIAB_BALANCE_YOY,None
LIAB_EQUITY_BALANCE_YOY,None
LIAB_EQUITY_OTHER_YOY,None
LIAB_OTHER_YOY,None
LOAN_ADVANCE_YOY,None
LOAN_PBC_YOY,None
LONG_EQUITY_INVEST_YOY,8.1332054038
LONG_LOAN_YOY,-31.0422534553
LONG_PAYABLE_YOY,None
LONG_PREPAID_EXPENSE_YOY,23.2413848615
LONG_RECE_YOY,23.8880627905
LONG_STAFFSALARY_PAYABLE_YOY,None
MINORITY_EQUITY_YOY,15.3196845739
MONETARYFUNDS_YOY,-5.8258476456
NONCURRENT_ASSET_1YEAR_YOY,None
NONCURRENT_ASSET_BALANCE_YOY,None
NONCURRENT_ASSET_OTHER_YOY,None
NONCURRENT_LIAB_1YEAR_YOY,32.066234558
NONCURRENT_LIAB_BALANCE_YOY,None
NONCURRENT_LIAB_OTHER_YOY,None
NOTE_ACCOUNTS_PAYABLE_YOY,22.9461762169
NOTE_ACCOUNTS_RECE_YOY,0.6998494602
NOTE_PAYABLE_YOY,-41.1840286738
NOTE_RECE_YOY,None
OIL_GAS_ASSET_YOY,None
OTHER_COMPRE_INCOME_YOY,138.6457344578
OTHER_CREDITOR_INVEST_YOY,None
OTHER_CURRENT_ASSET_YOY,34.1615561096
OTHER_CURRENT_LIAB_YOY,196.5031520667
OTHER_EQUITY_INVEST_YOY,59.5765233422
OTHER_EQUITY_OTHER_YOY,None
OTHER_EQUITY_TOOL_YOY,None
OTHER_NONCURRENT_ASSET_YOY,47.5455188262
OTHER_NONCURRENT_FINASSET_YOY,-1.5253447778
OTHER_NONCURRENT_LIAB_YOY,33.7945759489
OTHER_PAYABLE_YOY,None
OTHER_RECE_YOY,None
PARENT_EQUITY_BALANCE_YOY,None
PARENT_EQUITY_OTHER_YOY,None
PERPETUAL_BOND_PAYBALE_YOY,None
PERPETUAL_BOND_YOY,None
PREDICT_CURRENT_LIAB_YOY,35.3711848721
PREDICT_LIAB_YOY,None
PREFERRED_SHARES_PAYBALE_YOY,None
PREFERRED_SHARES_YOY,None
PREMIUM_RECE_YOY,None
PREPAYMENT_YOY,79.3806843239
PRODUCTIVE_BIOLOGY_ASSET_YOY,None
PROJECT_MATERIAL_YOY,None
RC_RESERVE_RECE_YOY,None
REINSURE_PAYABLE_YOY,None
REINSURE_RECE_YOY,None
SELL_REPO_FINASSET_YOY,None
SETTLE_EXCESS_RESERVE_YOY,None
SHARE_CAPITAL_YOY,-0.0644763929
SHORT_BOND_PAYABLE_YOY,None
SHORT_FIN_PAYABLE_YOY,None
SHORT_LOAN_YOY,-33.9457003618
SPECIAL_PAYABLE_YOY,None
SPECIAL_RESERVE_YOY,31.6987036209
STAFF_SALARY_PAYABLE_YOY,27.4485385122
SUBSIDY_RECE_YOY,None
SURPLUS_RESERVE_YOY,0
TAX_PAYABLE_YOY,28.585015086
TOTAL_ASSETS_YOY,15.2760710665
TOTAL_CURRENT_ASSETS_YOY,22.6567160016
TOTAL_CURRENT_LIAB_YOY,9.3281053481
TOTAL_EQUITY_YOY,32.0519864027
TOTAL_LIAB_EQUITY_YOY,15.2760710665
TOTAL_LIABILITIES_YOY,10.5053120927
TOTAL_NONCURRENT_ASSETS_YOY,9.3680260543
TOTAL_NONCURRENT_LIAB_YOY,17.5865551766
TOTAL_OTHER_PAYABLE_YOY,-12.1132975039
TOTAL_OTHER_RECE_YOY,31.1147708846
TOTAL_PARENT_EQUITY_YOY,33.4565357346
TRADE_FINASSET_NOTFVTPL_YOY,324.524696082
TRADE_FINASSET_YOY,None
TRADE_FINLIAB_NOTFVTPL_YOY,None
TRADE_FINLIAB_YOY,None
TREASURY_SHARES_YOY,-42.8571428571
UNASSIGN_RPOFIT_YOY,46.9635825484
UNCONFIRM_INVEST_LOSS_YOY,None
USERIGHT_ASSET_YOY,9.2583952236
OPINION_TYPE,标准无保留意见
OSOPINION_TYPE,None
LISTING_STATE,0
SECUCODE,002594.SZ
SECURITY_CODE,002594
SECURITY_NAME_ABBR,比亚迪
ORG_CODE,10010554
ORG_TYPE,通用
REPORT_DATE,2023-12-31 00:00:00
REPORT_TYPE,年报
REPORT_DATE_NAME,2023年报
SECURITY_TYPE_CODE,058001001
NOTICE_DATE,2024-03-27 00:00:00
UPDATE_DATE,2025-03-25 00:00:00
CURRENCY,CNY
ACCEPT_DEPOSIT_INTERBANK,None
ACCOUNTS_PAYABLE,194429817000
ACCOUNTS_RECE,61866019000
ACCRUED_EXPENSE,None
ADVANCE_RECEIVABLES,None
AGENT_TRADE_SECURITY,None
AGENT_UNDERWRITE_SECURITY,None
AMORTIZE_COST_FINASSET,None
AMORTIZE_COST_FINLIAB,None
AMORTIZE_COST_NCFINASSET,None
AMORTIZE_COST_NCFINLIAB,None
APPOINT_FVTPL_FINASSET,None
APPOINT_FVTPL_FINLIAB,None
ASSET_BALANCE,0
ASSET_OTHER,None
ASSIGN_CASH_DIVIDEND,None
AVAILABLE_SALE_FINASSET,None
BOND_PAYABLE,None
BORROW_FUND,None
BUY_RESALE_FINASSET,None
CAPITAL_RESERVE,62041774000
CIP,34726196000
CONSUMPTIVE_BIOLOGICAL_ASSET,None
CONTRACT_ASSET,2660319000
CONTRACT_LIAB,34698510000
CONVERT_DIFF,None
CREDITOR_INVEST,None
CURRENT_ASSET_BALANCE,0
CURRENT_ASSET_OTHER,7508351000
CURRENT_LIAB_BALANCE,0
CURRENT_LIAB_OTHER,None
DEFER_INCOME,None
DEFER_INCOME_1YEAR,None
DEFER_TAX_ASSET,6584422000
DEFER_TAX_LIAB,3950836000
DERIVE_FINASSET,19761000
DERIVE_FINLIAB,7713000
DEVELOP_EXPENSE,541000000
DIV_HOLDSALE_ASSET,None
DIV_HOLDSALE_LIAB,None
DIVIDEND_PAYABLE,None
DIVIDEND_RECE,None
EQUITY_BALANCE,0
EQUITY_OTHER,None
EXPORT_REFUND_RECE,None
FEE_COMMISSION_PAYABLE,None
FIN_FUND,None
FINANCE_RECE,5564924000
FIXED_ASSET,230903820000
FIXED_ASSET_DISPOSAL,None
FVTOCI_FINASSET,None
FVTOCI_NCFINASSET,None
FVTPL_FINASSET,None
FVTPL_FINLIAB,None
GENERAL_RISK_RESERVE,None
GOODWILL,4427571000
HOLD_MATURITY_INVEST,None
HOLDSALE_ASSET,None
HOLDSALE_LIAB,None
INSURANCE_CONTRACT_RESERVE,None
INTANGIBLE_ASSET,37236261000
INTEREST_PAYABLE,None
INTEREST_RECE,None
INTERNAL_PAYABLE,None
INTERNAL_RECE,None
INVENTORY,87676748000
INVEST_REALESTATE,82510000
LEASE_LIAB,8847186000
LEND_FUND,None
LIAB_BALANCE,0
LIAB_EQUITY_BALANCE,None
LIAB_EQUITY_OTHER,None
LIAB_OTHER,None
LOAN_ADVANCE,None
LOAN_PBC,None
LONG_EQUITY_INVEST,17647212000
LONG_LOAN,11975139000
LONG_PAYABLE,None
LONG_PREPAID_EXPENSE,4062529000
LONG_RECE,8238190000
LONG_STAFFSALARY_PAYABLE,None
MINORITY_EQUITY,11652048000
MONETARYFUNDS,109094408000
NONCURRENT_ASSET_1YEAR,None
NONCURRENT_ASSET_BALANCE,0
NONCURRENT_ASSET_OTHER,None
NONCURRENT_LIAB_1YEAR,7740491000
NONCURRENT_LIAB_BALANCE,0
NONCURRENT_LIAB_OTHER,None
NOTE_ACCOUNTS_PAYABLE,198483131000
NOTE_ACCOUNTS_RECE,61866019000
NOTE_PAYABLE,4053314000
NOTE_RECE,None
OIL_GAS_ASSET,None
OTHER_COMPRE_INCOME,603663000
OTHER_CREDITOR_INVEST,None
OTHER_CURRENT_ASSET,13214802000
OTHER_CURRENT_LIAB,1829276000
OTHER_EQUITY_INVEST,5327283000
OTHER_EQUITY_OTHER,None
OTHER_EQUITY_TOOL,None
OTHER_NONCURRENT_ASSET,15273900000
OTHER_NONCURRENT_FINASSET,2696374000
OTHER_NONCURRENT_LIAB,50645725000
OTHER_PAYABLE,None
OTHER_RECE,None
PARENT_EQUITY_BALANCE,0
PARENT_EQUITY_OTHER,None
PERPETUAL_BOND,None
PERPETUAL_BOND_PAYBALE,None
PREDICT_CURRENT_LIAB,2620325000
PREDICT_LIAB,None
PREFERRED_SHARES,None
PREFERRED_SHARES_PAYBALE,None
PREMIUM_RECE,None
PREPAYMENT,2215413000
PRODUCTIVE_BIOLOGY_ASSET,None
PROJECT_MATERIAL,None
RC_RESERVE_RECE,None
REINSURE_PAYABLE,None
REINSURE_RECE,None
SELL_REPO_FINASSET,None
SETTLE_EXCESS_RESERVE,None
SHARE_CAPITAL,2911143000
SHORT_BOND_PAYABLE,None
SHORT_FIN_PAYABLE,None
SHORT_LOAN,18323216000
SPECIAL_PAYABLE,None
SPECIAL_RESERVE,22370000
STAFF_SALARY_PAYABLE,17138836000
SUBSIDY_RECE,None
SURPLUS_RESERVE,7374087000
TAX_PAYABLE,7852324000
TOTAL_ASSETS,679547670000
TOTAL_CURRENT_ASSETS,302121446000
TOTAL_CURRENT_LIAB,453666671000
TOTAL_EQUITY,150462113000
TOTAL_LIAB_EQUITY,679547670000
TOTAL_LIABILITIES,529085557000
TOTAL_NONCURRENT_ASSETS,377426224000
TOTAL_NONCURRENT_LIAB,75418886000
TOTAL_OTHER_PAYABLE,164972849000
TOTAL_OTHER_RECE,2757912000
TOTAL_PARENT_EQUITY,138810065000
TRADE_FINASSET,None
TRADE_FINASSET_NOTFVTPL,9542789000
TRADE_FINLIAB,None
TRADE_FINLIAB_NOTFVTPL,7713000
TREASURY_SHARES,1266944000
UNASSIGN_RPOFIT,67123972000
UNCONFIRM_INVEST_LOSS,None
USERIGHT_ASSET,9678956000
ACCEPT_DEPOSIT_INTERBANK_YOY,None
ACCOUNTS_PAYABLE_YOY,38.4459849024
ACCOUNTS_RECE_YOY,59.3314924859
ACCRUED_EXPENSE_YOY,None
ADVANCE_RECEIVABLES_YOY,None
AGENT_TRADE_SECURITY_YOY,None
AGENT_UNDERWRITE_SECURITY_YOY,None
AMORTIZE_COST_FINASSET_YOY,None
AMORTIZE_COST_FINLIAB_YOY,None
AMORTIZE_COST_NCFINASSET_YOY,None
AMORTIZE_COST_NCFINLIAB_YOY,None
APPOINT_FVTPL_FINASSET_YOY,None
APPOINT_FVTPL_FINLIAB_YOY,None
ASSET_BALANCE_YOY,None
ASSET_OTHER_YOY,None
ASSIGN_CASH_DIVIDEND_YOY,None
AVAILABLE_SALE_FINASSET_YOY,None
BOND_PAYABLE_YOY,None
BORROW_FUND_YOY,None
BUY_RESALE_FINASSET_YOY,None
CAPITAL_RESERVE_YOY,0.5443256449
CIP_YOY,-22.1768486732
CONSUMPTIVE_BIOLOGICAL_ASSET_YOY,None
CONTRACT_ASSET_YOY,-80.370992455
CONTRACT_LIAB_YOY,-2.3033220183
CONVERT_DIFF_YOY,None
CREDITOR_INVEST_YOY,None
CURRENT_ASSET_BALANCE_YOY,None
CURRENT_ASSET_OTHER_YOY,613.3404968068
CURRENT_LIAB_BALANCE_YOY,None
CURRENT_LIAB_OTHER_YOY,None
DEFER_INCOME_1YEAR_YOY,None
DEFER_INCOME_YOY,None
DEFER_TAX_ASSET_YOY,78.5894130714
DEFER_TAX_LIAB_YOY,95.7283765909
DERIVE_FINASSET_YOY,None
DERIVE_FINLIAB_YOY,None
DEVELOP_EXPENSE_YOY,-67.8550207962
DIV_HOLDSALE_ASSET_YOY,None
DIV_HOLDSALE_LIAB_YOY,None
DIVIDEND_PAYABLE_YOY,None
DIVIDEND_RECE_YOY,None
EQUITY_BALANCE_YOY,None
EQUITY_OTHER_YOY,None
EXPORT_REFUND_RECE_YOY,None
FEE_COMMISSION_PAYABLE_YOY,None
FIN_FUND_YOY,None
FINANCE_RECE_YOY,-56.8419308897
FIXED_ASSET_DISPOSAL_YOY,None
FIXED_ASSET_YOY,75.0858158427
FVTOCI_FINASSET_YOY,None
FVTOCI_NCFINASSET_YOY,None
FVTPL_FINASSET_YOY,None
FVTPL_FINLIAB_YOY,None
GENERAL_RISK_RESERVE_YOY,None
GOODWILL_YOY,6617.1936159238
HOLD_MATURITY_INVEST_YOY,None
HOLDSALE_ASSET_YOY,None
HOLDSALE_LIAB_YOY,None
INSURANCE_CONTRACT_RESERVE_YOY,None
INTANGIBLE_ASSET_YOY,60.3387336541
INTEREST_PAYABLE_YOY,None
INTEREST_RECE_YOY,None
INTERNAL_PAYABLE_YOY,None
INTERNAL_RECE_YOY,None
INVENTORY_YOY,10.8328307769
INVEST_REALESTATE_YOY,-2.9351214634
LEASE_LIAB_YOY,238.030561569
LEND_FUND_YOY,None
LIAB_BALANCE_YOY,None
LIAB_EQUITY_BALANCE_YOY,None
LIAB_EQUITY_OTHER_YOY,None
LIAB_OTHER_YOY,None
LOAN_ADVANCE_YOY,None
LOAN_PBC_YOY,None
LONG_EQUITY_INVEST_YOY,13.9603091996
LONG_LOAN_YOY,57.7005018439
LONG_PAYABLE_YOY,None
LONG_PREPAID_EXPENSE_YOY,786.8059496887
LONG_RECE_YOY,636.4489105939
LONG_STAFFSALARY_PAYABLE_YOY,None
MINORITY_EQUITY_YOY,12.4656653931
MONETARYFUNDS_YOY,111.9520711975
NONCURRENT_ASSET_1YEAR_YOY,None
NONCURRENT_ASSET_BALANCE_YOY,None
NONCURRENT_ASSET_OTHER_YOY,None
NONCURRENT_LIAB_1YEAR_YOY,19.732357922
NONCURRENT_LIAB_BALANCE_YOY,None
NONCURRENT_LIAB_OTHER_YOY,None
NOTE_ACCOUNTS_PAYABLE_YOY,38.0601151475
NOTE_ACCOUNTS_RECE_YOY,59.3314924859
NOTE_PAYABLE_YOY,21.7789587188
NOTE_RECE_YOY,None
OIL_GAS_ASSET_YOY,None
OTHER_COMPRE_INCOME_YOY,40.9334348122
OTHER_CREDITOR_INVEST_YOY,None
OTHER_CURRENT_ASSET_YOY,0.5983541208
OTHER_CURRENT_LIAB_YOY,-30.0476628967
OTHER_EQUITY_INVEST_YOY,20.565389274
OTHER_EQUITY_OTHER_YOY,None
OTHER_EQUITY_TOOL_YOY,None
OTHER_NONCURRENT_ASSET_YOY,-27.4237554808
OTHER_NONCURRENT_FINASSET_YOY,25.5797945174
OTHER_NONCURRENT_LIAB_YOY,88.296134179
OTHER_PAYABLE_YOY,None
OTHER_RECE_YOY,None
PARENT_EQUITY_BALANCE_YOY,None
PARENT_EQUITY_OTHER_YOY,None
PERPETUAL_BOND_PAYBALE_YOY,None
PERPETUAL_BOND_YOY,None
PREDICT_CURRENT_LIAB_YOY,103.5279761886
PREDICT_LIAB_YOY,None
PREFERRED_SHARES_PAYBALE_YOY,None
PREFERRED_SHARES_YOY,None
PREMIUM_RECE_YOY,None
PREPAYMENT_YOY,-73.0601939523
PRODUCTIVE_BIOLOGY_ASSET_YOY,None
PROJECT_MATERIAL_YOY,None
RC_RESERVE_RECE_YOY,None
REINSURE_PAYABLE_YOY,None
REINSURE_RECE_YOY,None
SELL_REPO_FINASSET_YOY,None
SETTLE_EXCESS_RESERVE_YOY,None
SHARE_CAPITAL_YOY,0
SHORT_BOND_PAYABLE_YOY,None
SHORT_FIN_PAYABLE_YOY,None
SHORT_LOAN_YOY,255.5767035674
SPECIAL_PAYABLE_YOY,None
SPECIAL_RESERVE_YOY,85.2127835734
STAFF_SALARY_PAYABLE_YOY,42.3844839886
SUBSIDY_RECE_YOY,None
SURPLUS_RESERVE_YOY,7.8312903293
TAX_PAYABLE_YOY,81.4981252285
TOTAL_ASSETS_YOY,37.5990728364
TOTAL_CURRENT_ASSETS_YOY,25.4638895272
TOTAL_CURRENT_LIAB_YOY,36.0954171981
TOTAL_EQUITY_YOY,23.9495139943
TOTAL_LIAB_EQUITY_YOY,37.5990728364
TOTAL_LIABILITIES_YOY,42.0475227094
TOTAL_NONCURRENT_ASSETS_YOY,49.1466415417
TOTAL_NONCURRENT_LIAB_YOY,92.7577773366
TOTAL_OTHER_PAYABLE_YOY,35.0865217218
TOTAL_OTHER_RECE_YOY,44.3926180453
TOTAL_PARENT_EQUITY_YOY,25.0211126704
TRADE_FINASSET_NOTFVTPL_YOY,-53.7362612856
TRADE_FINASSET_YOY,None
TRADE_FINLIAB_NOTFVTPL_YOY,-85.8749198791
TRADE_FINLIAB_YOY,None
TREASURY_SHARES_YOY,-30
UNASSIGN_RPOFIT_YOY,63.9439993404
UNCONFIRM_INVEST_LOSS_YOY,None
USERIGHT_ASSET_YOY,208.509632563
OPINION_TYPE,标准无保留意见
OSOPINION_TYPE,None
LISTING_STATE,0
SECUCODE,002594.SZ
SECURITY_CODE,002594
SECURITY_NAME_ABBR,比亚迪
ORG_CODE,10010554
ORG_TYPE,通用
REPORT_DATE,2022-12-31 00:00:00
REPORT_TYPE,年报
REPORT_DATE_NAME,2022年报
SECURITY_TYPE_CODE,058001001
NOTICE_DATE,2023-03-29 00:00:00
UPDATE_DATE,2024-03-27 00:00:00
CURRENCY,CNY
ACCEPT_DEPOSIT_INTERBANK,None
ACCOUNTS_PAYABLE,140437310000
ACCOUNTS_RECE,38828494000
ACCRUED_EXPENSE,None
ADVANCE_RECEIVABLES,None
AGENT_TRADE_SECURITY,None
AGENT_UNDERWRITE_SECURITY,None
AMORTIZE_COST_FINASSET,None
AMORTIZE_COST_FINLIAB,None
AMORTIZE_COST_NCFINASSET,None
AMORTIZE_COST_NCFINLIAB,None
APPOINT_FVTPL_FINASSET,None
APPOINT_FVTPL_FINLIAB,None
ASSET_BALANCE,0
ASSET_OTHER,None
ASSIGN_CASH_DIVIDEND,None
AVAILABLE_SALE_FINASSET,None
BOND_PAYABLE,None
BORROW_FUND,None
BUY_RESALE_FINASSET,None
CAPITAL_RESERVE,61705893000
CIP,44621935000
CONSUMPTIVE_BIOLOGICAL_ASSET,None
CONTRACT_ASSET,13552998000
CONTRACT_LIAB,35516571000
CONVERT_DIFF,None
CREDITOR_INVEST,None
CURRENT_ASSET_BALANCE,0
CURRENT_ASSET_OTHER,1052562000
CURRENT_LIAB_BALANCE,0
CURRENT_LIAB_OTHER,None
DEFER_INCOME,None
DEFER_INCOME_1YEAR,None
DEFER_TAX_ASSET,3686905000
DEFER_TAX_LIAB,2018530000
DERIVE_FINASSET,None
DERIVE_FINLIAB,None
DEVELOP_EXPENSE,1683000000
DIV_HOLDSALE_ASSET,None
DIV_HOLDSALE_LIAB,None
DIVIDEND_PAYABLE,None
DIVIDEND_RECE,None
EQUITY_BALANCE,0
EQUITY_OTHER,None
EXPORT_REFUND_RECE,None
FEE_COMMISSION_PAYABLE,None
FIN_FUND,None
FINANCE_RECE,12894284000
FIXED_ASSET,131880369000
FIXED_ASSET_DISPOSAL,None
FVTOCI_FINASSET,None
FVTOCI_NCFINASSET,None
FVTPL_FINASSET,None
FVTPL_FINLIAB,None
GENERAL_RISK_RESERVE,None
GOODWILL,65914000
HOLD_MATURITY_INVEST,None
HOLDSALE_ASSET,None
HOLDSALE_LIAB,None
INSURANCE_CONTRACT_RESERVE,None
INTANGIBLE_ASSET,23223497000
INTEREST_PAYABLE,None
INTEREST_RECE,None
INTERNAL_PAYABLE,None
INTERNAL_RECE,None
INVENTORY,79107199000
INVEST_REALESTATE,85005000
LEASE_LIAB,2617274000
LEND_FUND,None
LIAB_BALANCE,0
LIAB_EQUITY_BALANCE,None
LIAB_EQUITY_OTHER,None
LIAB_OTHER,None
LOAN_ADVANCE,None
LOAN_PBC,None
LONG_EQUITY_INVEST,15485402000
LONG_LOAN,7593596000
LONG_PAYABLE,None
LONG_PREPAID_EXPENSE,458108000
LONG_RECE,1118637000
LONG_STAFFSALARY_PAYABLE,None
MINORITY_EQUITY,10360538000
MONETARYFUNDS,51471263000
NONCURRENT_ASSET_1YEAR,None
NONCURRENT_ASSET_BALANCE,0
NONCURRENT_ASSET_OTHER,None
NONCURRENT_LIAB_1YEAR,6464828000
NONCURRENT_LIAB_BALANCE,0
NONCURRENT_LIAB_OTHER,None
NOTE_ACCOUNTS_PAYABLE,143765729000
NOTE_ACCOUNTS_RECE,38828494000
NOTE_PAYABLE,3328419000
NOTE_RECE,None
OIL_GAS_ASSET,None
OTHER_COMPRE_INCOME,428332000
OTHER_CREDITOR_INVEST,None
OTHER_CURRENT_ASSET,13136201000
OTHER_CURRENT_LIAB,2615032000
OTHER_EQUITY_INVEST,4418584000
OTHER_EQUITY_OTHER,None
OTHER_EQUITY_TOOL,None
OTHER_NONCURRENT_ASSET,21045316000
OTHER_NONCURRENT_FINASSET,2147140000
OTHER_NONCURRENT_LIAB,26896848000
OTHER_PAYABLE,None
OTHER_RECE,None
PARENT_EQUITY_BALANCE,0
PARENT_EQUITY_OTHER,None
PERPETUAL_BOND,None
PERPETUAL_BOND_PAYBALE,None
PREDICT_CURRENT_LIAB,1287452000
PREDICT_LIAB,None
PREFERRED_SHARES,None
PREFERRED_SHARES_PAYBALE,None
PREMIUM_RECE,None
PREPAYMENT,8223567000
PRODUCTIVE_BIOLOGY_ASSET,None
PROJECT_MATERIAL,None
RC_RESERVE_RECE,None
REINSURE_PAYABLE,None
REINSURE_RECE,None
SELL_REPO_FINASSET,None
SETTLE_EXCESS_RESERVE,None
SHARE_CAPITAL,2911143000
SHORT_BOND_PAYABLE,None
SHORT_FIN_PAYABLE,None
SHORT_LOAN,5153098000
SPECIAL_PAYABLE,None
SPECIAL_RESERVE,12078000
STAFF_SALARY_PAYABLE,12037011000
SUBSIDY_RECE,None
SURPLUS_RESERVE,6838541000
TAX_PAYABLE,4326394000
TOTAL_ASSETS,493860646000
TOTAL_CURRENT_ASSETS,240803507000
TOTAL_CURRENT_LIAB,333344561000
TOTAL_EQUITY,121389837000
TOTAL_LIAB_EQUITY,493860646000
TOTAL_LIABILITIES,372470809000
TOTAL_NONCURRENT_ASSETS,253057139000
TOTAL_NONCURRENT_LIAB,39126248000
TOTAL_OTHER_PAYABLE,122123841000
TOTAL_OTHER_RECE,1910009000
TOTAL_PARENT_EQUITY,111029299000
TRADE_FINASSET,None
TRADE_FINASSET_NOTFVTPL,20626930000
TRADE_FINLIAB,None
TRADE_FINLIAB_NOTFVTPL,54605000
TREASURY_SHARES,1809920000
UNASSIGN_RPOFIT,40943232000
UNCONFIRM_INVEST_LOSS,None
USERIGHT_ASSET,3137327000
ACCEPT_DEPOSIT_INTERBANK_YOY,None
ACCOUNTS_PAYABLE_YOY,91.9587061632
ACCOUNTS_RECE_YOY,7.1093048301
ACCRUED_EXPENSE_YOY,None
ADVANCE_RECEIVABLES_YOY,None
AGENT_TRADE_SECURITY_YOY,None
AGENT_UNDERWRITE_SECURITY_YOY,None
AMORTIZE_COST_FINASSET_YOY,None
AMORTIZE_COST_FINLIAB_YOY,None
AMORTIZE_COST_NCFINASSET_YOY,None
AMORTIZE_COST_NCFINLIAB_YOY,None
APPOINT_FVTPL_FINASSET_YOY,None
APPOINT_FVTPL_FINLIAB_YOY,None
ASSET_BALANCE_YOY,None
ASSET_OTHER_YOY,None
ASSIGN_CASH_DIVIDEND_YOY,None
AVAILABLE_SALE_FINASSET_YOY,None
BOND_PAYABLE_YOY,None
BORROW_FUND_YOY,None
BUY_RESALE_FINASSET_YOY,None
CAPITAL_RESERVE_YOY,1.4779067597
CIP_YOY,120.0584653516
CONSUMPTIVE_BIOLOGICAL_ASSET_YOY,None
CONTRACT_ASSET_YOY,59.571275612
CONTRACT_LIAB_YOY,137.8462430059
CONVERT_DIFF_YOY,None
CREDITOR_INVEST_YOY,None
CURRENT_ASSET_BALANCE_YOY,None
CURRENT_ASSET_OTHER_YOY,-14.5416740077
CURRENT_LIAB_BALANCE_YOY,None
CURRENT_LIAB_OTHER_YOY,None
DEFER_INCOME_1YEAR_YOY,None
DEFER_INCOME_YOY,None
DEFER_TAX_ASSET_YOY,92.6971289635
DEFER_TAX_LIAB_YOY,231.1421568788
DERIVE_FINASSET_YOY,None
DERIVE_FINLIAB_YOY,None
DEVELOP_EXPENSE_YOY,-35.3942429092
DIV_HOLDSALE_ASSET_YOY,None
DIV_HOLDSALE_LIAB_YOY,None
DIVIDEND_PAYABLE_YOY,None
DIVIDEND_RECE_YOY,None
EQUITY_BALANCE_YOY,None
EQUITY_OTHER_YOY,None
EXPORT_REFUND_RECE_YOY,None
FEE_COMMISSION_PAYABLE_YOY,None
FIN_FUND_YOY,None
FINANCE_RECE_YOY,47.4791052994
FIXED_ASSET_DISPOSAL_YOY,None
FIXED_ASSET_YOY,115.4155971531
FVTOCI_FINASSET_YOY,None
FVTOCI_NCFINASSET_YOY,None
FVTPL_FINASSET_YOY,None
FVTPL_FINLIAB_YOY,None
GENERAL_RISK_RESERVE_YOY,None
GOODWILL_YOY,0
HOLD_MATURITY_INVEST_YOY,None
HOLDSALE_ASSET_YOY,None
HOLDSALE_LIAB_YOY,None
INSURANCE_CONTRACT_RESERVE_YOY,None
INTANGIBLE_ASSET_YOY,35.7706854545
INTEREST_PAYABLE_YOY,None
INTEREST_RECE_YOY,None
INTERNAL_PAYABLE_YOY,None
INTERNAL_RECE_YOY,None
INVENTORY_YOY,82.4647601734
INVEST_REALESTATE_YOY,-2.8514285714
LEASE_LIAB_YOY,84.928329227
LEND_FUND_YOY,None
LIAB_BALANCE_YOY,None
LIAB_EQUITY_BALANCE_YOY,None
LIAB_EQUITY_OTHER_YOY,None
LIAB_OTHER_YOY,None
LOAN_ADVANCE_YOY,None
LOAN_PBC_YOY,None
LONG_EQUITY_INVEST_YOY,95.8937386599
LONG_LOAN_YOY,-13.1517184328
LONG_PAYABLE_YOY,None
LONG_PREPAID_EXPENSE_YOY,491.6262010538
LONG_RECE_YOY,-4.3947394061
LONG_STAFFSALARY_PAYABLE_YOY,None
MINORITY_EQUITY_YOY,12.9270814509
MONETARYFUNDS_YOY,2.0099570929
NONCURRENT_ASSET_1YEAR_YOY,None
NONCURRENT_ASSET_BALANCE_YOY,None
NONCURRENT_ASSET_OTHER_YOY,None
NONCURRENT_LIAB_1YEAR_YOY,-50.2070333416
NONCURRENT_LIAB_BALANCE_YOY,None
NONCURRENT_LIAB_OTHER_YOY,None
NOTE_ACCOUNTS_PAYABLE_YOY,78.6095475323
NOTE_ACCOUNTS_RECE_YOY,7.1093048301
NOTE_PAYABLE_YOY,-54.6008645755
NOTE_RECE_YOY,None
OIL_GAS_ASSET_YOY,None
OTHER_COMPRE_INCOME_YOY,445.2758856959
OTHER_CREDITOR_INVEST_YOY,None
OTHER_CURRENT_ASSET_YOY,54.0817491108
OTHER_CURRENT_LIAB_YOY,92.4071122805
OTHER_EQUITY_INVEST_YOY,51.6414787929
OTHER_EQUITY_OTHER_YOY,None
OTHER_EQUITY_TOOL_YOY,None
OTHER_NONCURRENT_ASSET_YOY,68.0794821521
OTHER_NONCURRENT_FINASSET_YOY,817.6910057614
OTHER_NONCURRENT_LIAB_YOY,262.6290804091
OTHER_PAYABLE_YOY,None
OTHER_RECE_YOY,None
PARENT_EQUITY_BALANCE_YOY,None
PARENT_EQUITY_OTHER_YOY,None
PERPETUAL_BOND_PAYBALE_YOY,None
PERPETUAL_BOND_YOY,None
PREDICT_CURRENT_LIAB_YOY,-45.3442148038
PREDICT_LIAB_YOY,None
PREFERRED_SHARES_PAYBALE_YOY,None
PREFERRED_SHARES_YOY,None
PREMIUM_RECE_YOY,None
PREPAYMENT_YOY,303.7935712718
PRODUCTIVE_BIOLOGY_ASSET_YOY,None
PROJECT_MATERIAL_YOY,None
RC_RESERVE_RECE_YOY,None
REINSURE_PAYABLE_YOY,None
REINSURE_RECE_YOY,None
SELL_REPO_FINASSET_YOY,None
SETTLE_EXCESS_RESERVE_YOY,None
SHARE_CAPITAL_YOY,0
SHORT_BOND_PAYABLE_YOY,None
SHORT_FIN_PAYABLE_YOY,None
SHORT_LOAN_YOY,-49.5010073147
SPECIAL_PAYABLE_YOY,None
SPECIAL_RESERVE_YOY,16.481820812
STAFF_SALARY_PAYABLE_YOY,105.8006247361
SUBSIDY_RECE_YOY,None
SURPLUS_RESERVE_YOY,36.5226763834
TAX_PAYABLE_YOY,143.1900070713
TOTAL_ASSETS_YOY,66.968828371
TOTAL_CURRENT_ASSETS_YOY,44.9661266715
TOTAL_CURRENT_LIAB_YOY,94.5924613388
TOTAL_EQUITY_YOY,16.4475592117
TOTAL_LIAB_EQUITY_YOY,66.968828371
TOTAL_LIABILITIES_YOY,94.4652334644
TOTAL_NONCURRENT_ASSETS_YOY,95.1547936801
TOTAL_NONCURRENT_LIAB_YOY,93.3879972483
TOTAL_OTHER_PAYABLE_YOY,195.3553732648
TOTAL_OTHER_RECE_YOY,35.3895194829
TOTAL_PARENT_EQUITY_YOY,16.7872969709
TRADE_FINASSET_NOTFVTPL_YOY,267.9403972707
TRADE_FINASSET_YOY,None
TRADE_FINLIAB_NOTFVTPL_YOY,None
TRADE_FINLIAB_YOY,None
TREASURY_SHARES_YOY,None
UNASSIGN_RPOFIT_YOY,54.7602658265
UNCONFIRM_INVEST_LOSS_YOY,None
USERIGHT_ASSET_YOY,99.4192210685
OPINION_TYPE,标准无保留意见
OSOPINION_TYPE,None
LISTING_STATE,0
SECUCODE,002594.SZ
SECURITY_CODE,002594
SECURITY_NAME_ABBR,比亚迪
ORG_CODE,10010554
ORG_TYPE,通用
REPORT_DATE,2021-12-31 00:00:00
REPORT_TYPE,年报
REPORT_DATE_NAME,2021年报
SECURITY_TYPE_CODE,058001001
NOTICE_DATE,2022-03-30 00:00:00
UPDATE_DATE,2023-03-29 00:00:00
CURRENCY,CNY
ACCEPT_DEPOSIT_INTERBANK,None
ACCOUNTS_PAYABLE,73160167000
ACCOUNTS_RECE,36251280000
ACCRUED_EXPENSE,None
ADVANCE_RECEIVABLES,1300000
AGENT_TRADE_SECURITY,None
AGENT_UNDERWRITE_SECURITY,None
AMORTIZE_COST_FINASSET,None
AMORTIZE_COST_FINLIAB,None
AMORTIZE_COST_NCFINASSET,None
AMORTIZE_COST_NCFINLIAB,None
APPOINT_FVTPL_FINASSET,None
APPOINT_FVTPL_FINLIAB,None
ASSET_BALANCE,0
ASSET_OTHER,None
ASSIGN_CASH_DIVIDEND,None
AVAILABLE_SALE_FINASSET,None
BOND_PAYABLE,2046439000
BORROW_FUND,None
BUY_RESALE_FINASSET,None
CAPITAL_RESERVE,60807219000
CIP,20277309000
CONSUMPTIVE_BIOLOGICAL_ASSET,None
CONTRACT_ASSET,8493382000
CONTRACT_LIAB,14932576000
CONVERT_DIFF,None
CREDITOR_INVEST,None
CURRENT_ASSET_BALANCE,0
CURRENT_ASSET_OTHER,1231667000
CURRENT_LIAB_BALANCE,0
CURRENT_LIAB_OTHER,None
DEFER_INCOME,None
DEFER_INCOME_1YEAR,None
DEFER_TAX_ASSET,1913316000
DEFER_TAX_LIAB,609566000
DERIVE_FINASSET,None
DERIVE_FINLIAB,None
DEVELOP_EXPENSE,2605031000
DIV_HOLDSALE_ASSET,None
DIV_HOLDSALE_LIAB,None
DIVIDEND_PAYABLE,None
DIVIDEND_RECE,None
EQUITY_BALANCE,0
EQUITY_OTHER,None
EXPORT_REFUND_RECE,None
FEE_COMMISSION_PAYABLE,None
FIN_FUND,None
FINANCE_RECE,8743126000
FIXED_ASSET,61221365000
FIXED_ASSET_DISPOSAL,None
FVTOCI_FINASSET,None
FVTOCI_NCFINASSET,None
FVTPL_FINASSET,None
FVTPL_FINLIAB,None
GENERAL_RISK_RESERVE,None
GOODWILL,65914000
HOLD_MATURITY_INVEST,None
HOLDSALE_ASSET,None
HOLDSALE_LIAB,None
INSURANCE_CONTRACT_RESERVE,None
INTANGIBLE_ASSET,17104942000
INTEREST_PAYABLE,None
INTEREST_RECE,136569000
INTERNAL_PAYABLE,None
INTERNAL_RECE,None
INVENTORY,43354782000
INVEST_REALESTATE,87500000
LEASE_LIAB,1415291000
LEND_FUND,None
LIAB_BALANCE,0
LIAB_EQUITY_BALANCE,None
LIAB_EQUITY_OTHER,None
LIAB_OTHER,None
LOAN_ADVANCE,None
LOAN_PBC,None
LONG_EQUITY_INVEST,7905001000
LONG_LOAN,8743519000
LONG_PAYABLE,None
LONG_PREPAID_EXPENSE,77432000
LONG_RECE,1170058000
LONG_STAFFSALARY_PAYABLE,None
MINORITY_EQUITY,9174538000
MONETARYFUNDS,50457097000
NONCURRENT_ASSET_1YEAR,1231667000
NONCURRENT_ASSET_BALANCE,0
NONCURRENT_ASSET_OTHER,None
NONCURRENT_LIAB_1YEAR,12983416000
NONCURRENT_LIAB_BALANCE,0
NONCURRENT_LIAB_OTHER,None
NOTE_ACCOUNTS_PAYABLE,80491626000
NOTE_ACCOUNTS_RECE,36251280000
NOTE_PAYABLE,7331459000
NOTE_RECE,None
OIL_GAS_ASSET,None
OTHER_COMPRE_INCOME,-124055000
OTHER_CREDITOR_INVEST,None
OTHER_CURRENT_ASSET,8525475000
OTHER_CURRENT_LIAB,1359114000
OTHER_EQUITY_INVEST,2913836000
OTHER_EQUITY_OTHER,None
OTHER_EQUITY_TOOL,None
OTHER_NONCURRENT_ASSET,12521050000
OTHER_NONCURRENT_FINASSET,233972000
OTHER_NONCURRENT_LIAB,7417179000
OTHER_PAYABLE,None
OTHER_RECE,None
PARENT_EQUITY_BALANCE,0
PARENT_EQUITY_OTHER,None
PERPETUAL_BOND,None
PERPETUAL_BOND_PAYBALE,None
PREDICT_CURRENT_LIAB,2355564000
PREDICT_LIAB,None
PREFERRED_SHARES,None
PREFERRED_SHARES_PAYBALE,None
PREMIUM_RECE,None
PREPAYMENT,2036577000
PRODUCTIVE_BIOLOGY_ASSET,None
PROJECT_MATERIAL,None
RC_RESERVE_RECE,None
REINSURE_PAYABLE,None
REINSURE_RECE,None
SELL_REPO_FINASSET,None
SETTLE_EXCESS_RESERVE,None
SHARE_CAPITAL,2911143000
SHORT_BOND_PAYABLE,None
SHORT_FIN_PAYABLE,None
SHORT_LOAN,10204358000
SPECIAL_PAYABLE,None
SPECIAL_RESERVE,10369000
STAFF_SALARY_PAYABLE,5848870000
SUBSIDY_RECE,None
SURPLUS_RESERVE,5009088000
TAX_PAYABLE,1779018000
TOTAL_ASSETS,295780147000
TOTAL_CURRENT_ASSETS,166110189000
TOTAL_CURRENT_LIAB,171303944000
TOTAL_EQUITY,104244209000
TOTAL_LIAB_EQUITY,295780147000
TOTAL_LIABILITIES,191535938000
TOTAL_NONCURRENT_ASSETS,129669958000
TOTAL_NONCURRENT_LIAB,20231994000
TOTAL_OTHER_PAYABLE,41348102000
TOTAL_OTHER_RECE,1410751000
TOTAL_PARENT_EQUITY,95069671000
TRADE_FINASSET,None
TRADE_FINASSET_NOTFVTPL,5606052000
TRADE_FINLIAB,None
TRADE_FINLIAB_NOTFVTPL,None
TREASURY_SHARES,None
UNASSIGN_RPOFIT,26455907000
UNCONFIRM_INVEST_LOSS,None
USERIGHT_ASSET,1573232000
ACCEPT_DEPOSIT_INTERBANK_YOY,None
ACCOUNTS_PAYABLE_YOY,70.2087588446
ACCOUNTS_RECE_YOY,-12.0465245568
ACCRUED_EXPENSE_YOY,None
ADVANCE_RECEIVABLES_YOY,-82.6666666667
AGENT_TRADE_SECURITY_YOY,None
AGENT_UNDERWRITE_SECURITY_YOY,None
AMORTIZE_COST_FINASSET_YOY,None
AMORTIZE_COST_FINLIAB_YOY,None
AMORTIZE_COST_NCFINASSET_YOY,None
AMORTIZE_COST_NCFINLIAB_YOY,None
APPOINT_FVTPL_FINASSET_YOY,None
APPOINT_FVTPL_FINLIAB_YOY,None
ASSET_BALANCE_YOY,None
ASSET_OTHER_YOY,None
ASSIGN_CASH_DIVIDEND_YOY,None
AVAILABLE_SALE_FINASSET_YOY,None
BOND_PAYABLE_YOY,-76.9557069066
BORROW_FUND_YOY,None
BUY_RESALE_FINASSET_YOY,None
CAPITAL_RESERVE_YOY,146.196399376
CIP_YOY,231.7749024137
CONSUMPTIVE_BIOLOGICAL_ASSET_YOY,None
CONTRACT_ASSET_YOY,58.8704673777
CONTRACT_LIAB_YOY,82.418523195
CONVERT_DIFF_YOY,None
CREDITOR_INVEST_YOY,None
CURRENT_ASSET_BALANCE_YOY,None
CURRENT_ASSET_OTHER_YOY,None
CURRENT_LIAB_BALANCE_YOY,None
CURRENT_LIAB_OTHER_YOY,None
DEFER_INCOME_1YEAR_YOY,None
DEFER_INCOME_YOY,None
DEFER_TAX_ASSET_YOY,8.1595839399
DEFER_TAX_LIAB_YOY,55.0466742973
DERIVE_FINASSET_YOY,None
DERIVE_FINLIAB_YOY,None
DEVELOP_EXPENSE_YOY,-46.6805834487
DIV_HOLDSALE_ASSET_YOY,None
DIV_HOLDSALE_LIAB_YOY,None
DIVIDEND_PAYABLE_YOY,None
DIVIDEND_RECE_YOY,None
EQUITY_BALANCE_YOY,None
EQUITY_OTHER_YOY,None
EXPORT_REFUND_RECE_YOY,None
FEE_COMMISSION_PAYABLE_YOY,None
FIN_FUND_YOY,None
FINANCE_RECE_YOY,-1.345175202
FIXED_ASSET_DISPOSAL_YOY,None
FIXED_ASSET_YOY,12.1586355277
FVTOCI_FINASSET_YOY,None
FVTOCI_NCFINASSET_YOY,None
FVTPL_FINASSET_YOY,None
FVTPL_FINLIAB_YOY,None
GENERAL_RISK_RESERVE_YOY,None
GOODWILL_YOY,0
HOLD_MATURITY_INVEST_YOY,None
HOLDSALE_ASSET_YOY,None
HOLDSALE_LIAB_YOY,None
INSURANCE_CONTRACT_RESERVE_YOY,None
INTANGIBLE_ASSET_YOY,44.9058782088
INTEREST_PAYABLE_YOY,None
INTEREST_RECE_YOY,1612.2492477432
INTERNAL_PAYABLE_YOY,None
INTERNAL_RECE_YOY,None
INVENTORY_YOY,38.0885706552
INVEST_REALESTATE_YOY,-7.1292866468
LEASE_LIAB_YOY,67.8304869285
LEND_FUND_YOY,None
LIAB_BALANCE_YOY,None
LIAB_EQUITY_BALANCE_YOY,None
LIAB_EQUITY_OTHER_YOY,None
LIAB_OTHER_YOY,None
LOAN_ADVANCE_YOY,None
LOAN_PBC_YOY,None
LONG_EQUITY_INVEST_YOY,44.6322152347
LONG_LOAN_YOY,-40.7037946166
LONG_PAYABLE_YOY,None
LONG_PREPAID_EXPENSE_YOY,15.2347644914
LONG_RECE_YOY,-35.1737175144
LONG_STAFFSALARY_PAYABLE_YOY,None
MINORITY_EQUITY_YOY,21.0419020011
MONETARYFUNDS_YOY,249.3042035911
NONCURRENT_ASSET_1YEAR_YOY,-1.5338333121
NONCURRENT_ASSET_BALANCE_YOY,None
NONCURRENT_ASSET_OTHER_YOY,None
NONCURRENT_LIAB_1YEAR_YOY,13.7652705902
NONCURRENT_LIAB_BALANCE_YOY,None
NONCURRENT_LIAB_OTHER_YOY,None
NOTE_ACCOUNTS_PAYABLE_YOY,55.0650277458
NOTE_ACCOUNTS_RECE_YOY,-12.0465245568
NOTE_PAYABLE_YOY,-17.8611881608
NOTE_RECE_YOY,None
OIL_GAS_ASSET_YOY,None
OTHER_COMPRE_INCOME_YOY,77.6905978787
OTHER_CREDITOR_INVEST_YOY,None
OTHER_CURRENT_ASSET_YOY,16.5807253638
OTHER_CURRENT_LIAB_YOY,148.9429512377
OTHER_EQUITY_INVEST_YOY,105.1881584136
OTHER_EQUITY_OTHER_YOY,None
OTHER_EQUITY_TOOL_YOY,None
OTHER_NONCURRENT_ASSET_YOY,11448.7599037069
OTHER_NONCURRENT_FINASSET_YOY,-17.8745928339
OTHER_NONCURRENT_LIAB_YOY,40.7348088533
OTHER_PAYABLE_YOY,None
OTHER_RECE_YOY,None
PARENT_EQUITY_BALANCE_YOY,None
PARENT_EQUITY_OTHER_YOY,None
PERPETUAL_BOND_PAYBALE_YOY,None
PERPETUAL_BOND_YOY,None
PREDICT_CURRENT_LIAB_YOY,21.5029331677
PREDICT_LIAB_YOY,None
PREFERRED_SHARES_PAYBALE_YOY,None
PREFERRED_SHARES_YOY,None
PREMIUM_RECE_YOY,None
PREPAYMENT_YOY,181.1592462207
PRODUCTIVE_BIOLOGY_ASSET_YOY,None
PROJECT_MATERIAL_YOY,None
RC_RESERVE_RECE_YOY,None
REINSURE_PAYABLE_YOY,None
REINSURE_RECE_YOY,None
SELL_REPO_FINASSET_YOY,None
SETTLE_EXCESS_RESERVE_YOY,None
SHARE_CAPITAL_YOY,6.707859522
SHORT_BOND_PAYABLE_YOY,None
SHORT_FIN_PAYABLE_YOY,None
SHORT_LOAN_YOY,-37.7809226319
SPECIAL_PAYABLE_YOY,None
SPECIAL_RESERVE_YOY,153.7689672051
STAFF_SALARY_PAYABLE_YOY,20.9631853423
SUBSIDY_RECE_YOY,None
SURPLUS_RESERVE_YOY,12.6067936065
TAX_PAYABLE_YOY,-4.2911971388
TOTAL_ASSETS_YOY,47.1416221889
TOTAL_CURRENT_ASSETS_YOY,48.8374403287
TOTAL_CURRENT_LIAB_YOY,60.953512885
TOTAL_EQUITY_YOY,61.7344948744
TOTAL_LIAB_EQUITY_YOY,47.1416221889
TOTAL_LIABILITIES_YOY,40.2542155344
TOTAL_NONCURRENT_ASSETS_YOY,45.024887037
TOTAL_NONCURRENT_LIAB_YOY,-32.8570447673
TOTAL_OTHER_PAYABLE_YOY,345.5787293473
TOTAL_OTHER_RECE_YOY,34.2695153452
TOTAL_PARENT_EQUITY_YOY,67.1575992337
TRADE_FINASSET_NOTFVTPL_YOY,23358450
TRADE_FINASSET_YOY,None
TRADE_FINLIAB_NOTFVTPL_YOY,None
TRADE_FINLIAB_YOY,None
TREASURY_SHARES_YOY,None
UNASSIGN_RPOFIT_YOY,8.1751126365
UNCONFIRM_INVEST_LOSS_YOY,None
USERIGHT_ASSET_YOY,66.3484343031
OPINION_TYPE,标准无保留意见
OSOPINION_TYPE,None
LISTING_STATE,0
SECUCODE,002594.SZ
SECURITY_CODE,002594
SECURITY_NAME_ABBR,比亚迪
ORG_CODE,10010554
ORG_TYPE,通用
REPORT_DATE,2025-12-31 00:00:00
REPORT_TYPE,年报
REPORT_DATE_NAME,2025年报
SECURITY_TYPE_CODE,058001001
NOTICE_DATE,2026-03-28 00:00:00
UPDATE_DATE,2026-04-29 00:00:00
CURRENCY,CNY
ACCEPT_DEPOSIT_INTERBANK,None
ACCOUNTS_PAYABLE,186742375000
ACCOUNTS_RECE,37004685000
ACCRUED_EXPENSE,None
ADVANCE_RECEIVABLES,None
AGENT_TRADE_SECURITY,None
AGENT_UNDERWRITE_SECURITY,None
AMORTIZE_COST_FINASSET,None
AMORTIZE_COST_FINLIAB,None
AMORTIZE_COST_NCFINASSET,None
AMORTIZE_COST_NCFINLIAB,None
APPOINT_FVTPL_FINASSET,None
APPOINT_FVTPL_FINLIAB,None
ASSET_BALANCE,0
ASSET_OTHER,None
ASSIGN_CASH_DIVIDEND,None
AVAILABLE_SALE_FINASSET,None
BOND_PAYABLE,4997910000
BORROW_FUND,None
BUY_RESALE_FINASSET,None
CAPITAL_RESERVE,95276659000
CIP,48293781000
CONSUMPTIVE_BIOLOGICAL_ASSET,None
CONTRACT_ASSET,1165068000
CONTRACT_LIAB,51471055000
CONVERT_DIFF,None
CREDITOR_INVEST,None
CURRENT_ASSET_BALANCE,0
CURRENT_ASSET_OTHER,None
CURRENT_LIAB_BALANCE,0
CURRENT_LIAB_OTHER,5384983000
DEFER_INCOME,None
DEFER_INCOME_1YEAR,None
DEFER_TAX_ASSET,15358088000
DEFER_TAX_LIAB,1617317000
DERIVE_FINASSET,None
DERIVE_FINLIAB,550144000
DEVELOP_EXPENSE,5971312000
DIV_HOLDSALE_ASSET,None
DIV_HOLDSALE_LIAB,None
DIVIDEND_PAYABLE,None
DIVIDEND_RECE,None
EQUITY_BALANCE,0
EQUITY_OTHER,None
EXPORT_REFUND_RECE,None
FEE_COMMISSION_PAYABLE,None
FIN_FUND,None
FINANCE_RECE,5484126000
FIXED_ASSET,292775929000
FIXED_ASSET_DISPOSAL,None
FVTOCI_FINASSET,None
FVTOCI_NCFINASSET,None
FVTPL_FINASSET,None
FVTPL_FINLIAB,None
GENERAL_RISK_RESERVE,None
GOODWILL,4427571000
HOLD_MATURITY_INVEST,None
HOLDSALE_ASSET,None
HOLDSALE_LIAB,None
INSURANCE_CONTRACT_RESERVE,None
INTANGIBLE_ASSET,41485229000
INTEREST_PAYABLE,None
INTEREST_RECE,None
INTERNAL_PAYABLE,None
INTERNAL_RECE,None
INVENTORY,138420580000
INVEST_REALESTATE,58520000
LEASE_LIAB,8620487000
LEND_FUND,None
LIAB_BALANCE,0
LIAB_EQUITY_BALANCE,None
LIAB_EQUITY_OTHER,None
LIAB_OTHER,None
LOAN_ADVANCE,None
LOAN_PBC,None
LONG_EQUITY_INVEST,21781418000
LONG_LOAN,60705569000
LONG_PAYABLE,None
LONG_PREPAID_EXPENSE,4171222000
LONG_RECE,13056606000
LONG_STAFFSALARY_PAYABLE,None
MINORITY_EQUITY,12264579000
MONETARYFUNDS,75424747000
NONCURRENT_ASSET_1YEAR,20533911000
NONCURRENT_ASSET_BALANCE,0
NONCURRENT_ASSET_OTHER,None
NONCURRENT_LIAB_1YEAR,6311964000
NONCURRENT_LIAB_BALANCE,0
NONCURRENT_LIAB_OTHER,None
NOTE_ACCOUNTS_PAYABLE,209206258000
NOTE_ACCOUNTS_RECE,37004685000
NOTE_PAYABLE,22463883000
NOTE_RECE,None
OIL_GAS_ASSET,None
OTHER_COMPRE_INCOME,3251842000
OTHER_CREDITOR_INVEST,None
OTHER_CURRENT_ASSET,30723475000
OTHER_CURRENT_LIAB,10817944000
OTHER_EQUITY_INVEST,8610322000
OTHER_EQUITY_OTHER,None
OTHER_EQUITY_TOOL,18733984000
OTHER_NONCURRENT_ASSET,44109592000
OTHER_NONCURRENT_FINASSET,3079960000
OTHER_NONCURRENT_LIAB,80798058000
OTHER_PAYABLE,None
OTHER_RECE,None
PARENT_EQUITY_BALANCE,0
PARENT_EQUITY_OTHER,None
PERPETUAL_BOND,18733984000
PERPETUAL_BOND_PAYBALE,None
PREDICT_CURRENT_LIAB,5384983000
PREDICT_LIAB,None
PREFERRED_SHARES,None
PREFERRED_SHARES_PAYBALE,None
PREMIUM_RECE,None
PREPAYMENT,5024873000
PRODUCTIVE_BIOLOGY_ASSET,None
PROJECT_MATERIAL,None
RC_RESERVE_RECE,None
REINSURE_PAYABLE,None
REINSURE_RECE,None
SELL_REPO_FINASSET,None
SETTLE_EXCESS_RESERVE,None
SHARE_CAPITAL,9117198000
SHORT_BOND_PAYABLE,None
SHORT_FIN_PAYABLE,None
SHORT_LOAN,38484710000
SPECIAL_PAYABLE,None
SPECIAL_RESERVE,31078000
STAFF_SALARY_PAYABLE,16025385000
SUBSIDY_RECE,None
SURPLUS_RESERVE,7794688000
TAX_PAYABLE,10716012000
TOTAL_ASSETS,883729883000
TOTAL_CURRENT_ASSETS,371467558000
TOTAL_CURRENT_LIAB,468451357000
TOTAL_EQUITY,258539185000
TOTAL_LIAB_EQUITY,883729883000
TOTAL_LIABILITIES,625190698000
TOTAL_NONCURRENT_ASSETS,512262325000
TOTAL_NONCURRENT_LIAB,156739341000
TOTAL_OTHER_PAYABLE,119482902000
TOTAL_OTHER_RECE,3153552000
TOTAL_PARENT_EQUITY,246274606000
TRADE_FINASSET,None
TRADE_FINASSET_NOTFVTPL,54532541000
TRADE_FINLIAB,None
TRADE_FINLIAB_NOTFVTPL,None
TREASURY_SHARES,3988271000
UNASSIGN_RPOFIT,116057428000
UNCONFIRM_INVEST_LOSS,None
USERIGHT_ASSET,9082775000
ACCEPT_DEPOSIT_INTERBANK_YOY,None
ACCOUNTS_PAYABLE_YOY,-22.7198605661
ACCOUNTS_RECE_YOY,-40.6014669131
ACCRUED_EXPENSE_YOY,None
ADVANCE_RECEIVABLES_YOY,None
AGENT_TRADE_SECURITY_YOY,None
AGENT_UNDERWRITE_SECURITY_YOY,None
AMORTIZE_COST_FINASSET_YOY,None
AMORTIZE_COST_FINLIAB_YOY,None
AMORTIZE_COST_NCFINASSET_YOY,None
AMORTIZE_COST_NCFINLIAB_YOY,None
APPOINT_FVTPL_FINASSET_YOY,None
APPOINT_FVTPL_FINLIAB_YOY,None
ASSET_BALANCE_YOY,None
ASSET_OTHER_YOY,None
ASSIGN_CASH_DIVIDEND_YOY,None
AVAILABLE_SALE_FINASSET_YOY,None
BOND_PAYABLE_YOY,None
BORROW_FUND_YOY,None
BUY_RESALE_FINASSET_YOY,None
CAPITAL_RESERVE_YOY,57.0164661796
CIP_YOY,142.0214035611
CONSUMPTIVE_BIOLOGICAL_ASSET_YOY,None
CONTRACT_ASSET_YOY,-17.4027553967
CONTRACT_LIAB_YOY,17.70304932
CONVERT_DIFF_YOY,None
CREDITOR_INVEST_YOY,None
CURRENT_ASSET_BALANCE_YOY,None
CURRENT_ASSET_OTHER_YOY,None
CURRENT_LIAB_BALANCE_YOY,None
CURRENT_LIAB_OTHER_YOY,None
DEFER_INCOME_1YEAR_YOY,None
DEFER_INCOME_YOY,None
DEFER_TAX_ASSET_YOY,79.4275641592
DEFER_TAX_LIAB_YOY,-41.9793261594
DERIVE_FINASSET_YOY,None
DERIVE_FINLIAB_YOY,27503.8133467135
DEVELOP_EXPENSE_YOY,1075.367196942
DIV_HOLDSALE_ASSET_YOY,None
DIV_HOLDSALE_LIAB_YOY,None
DIVIDEND_PAYABLE_YOY,None
DIVIDEND_RECE_YOY,None
EQUITY_BALANCE_YOY,None
EQUITY_OTHER_YOY,None
EXPORT_REFUND_RECE_YOY,None
FEE_COMMISSION_PAYABLE_YOY,None
FIN_FUND_YOY,None
FINANCE_RECE_YOY,-47.520154611
FIXED_ASSET_DISPOSAL_YOY,None
FIXED_ASSET_YOY,11.6241338286
FVTOCI_FINASSET_YOY,None
FVTOCI_NCFINASSET_YOY,None
FVTPL_FINASSET_YOY,None
FVTPL_FINLIAB_YOY,None
GENERAL_RISK_RESERVE_YOY,None
GOODWILL_YOY,0
HOLD_MATURITY_INVEST_YOY,None
HOLDSALE_ASSET_YOY,None
HOLDSALE_LIAB_YOY,None
INSURANCE_CONTRACT_RESERVE_YOY,None
INTANGIBLE_ASSET_YOY,7.9671819055
INTEREST_PAYABLE_YOY,None
INTEREST_RECE_YOY,None
INTERNAL_PAYABLE_YOY,None
INTERNAL_RECE_YOY,None
INVENTORY_YOY,19.2908211941
INVEST_REALESTATE_YOY,-2.8358902836
LEASE_LIAB_YOY,-12.7124766618
LEND_FUND_YOY,None
LIAB_BALANCE_YOY,None
LIAB_EQUITY_BALANCE_YOY,None
LIAB_EQUITY_OTHER_YOY,None
LIAB_OTHER_YOY,None
LOAN_ADVANCE_YOY,None
LOAN_PBC_YOY,None
LONG_EQUITY_INVEST_YOY,14.1434432896
LONG_LOAN_YOY,635.1312930609
LONG_PAYABLE_YOY,None
LONG_PREPAID_EXPENSE_YOY,-16.6874820366
LONG_RECE_YOY,27.9290081827
LONG_STAFFSALARY_PAYABLE_YOY,None
MINORITY_EQUITY_YOY,-8.7260313885
MONETARYFUNDS_YOY,-26.5858707194
NONCURRENT_ASSET_1YEAR_YOY,80.4468306109
NONCURRENT_ASSET_BALANCE_YOY,None
NONCURRENT_ASSET_OTHER_YOY,None
NONCURRENT_LIAB_1YEAR_YOY,-38.2546569724
NONCURRENT_LIAB_BALANCE_YOY,None
NONCURRENT_LIAB_OTHER_YOY,None
NOTE_ACCOUNTS_PAYABLE_YOY,-14.2693644837
NOTE_ACCOUNTS_RECE_YOY,-40.6014669131
NOTE_PAYABLE_YOY,842.2785524808
NOTE_RECE_YOY,None
OIL_GAS_ASSET_YOY,None
OTHER_COMPRE_INCOME_YOY,125.7258006297
OTHER_CREDITOR_INVEST_YOY,None
OTHER_CURRENT_ASSET_YOY,73.2932265805
OTHER_CURRENT_LIAB_YOY,99.4509815056
OTHER_EQUITY_INVEST_YOY,1.2848818381
OTHER_EQUITY_OTHER_YOY,None
OTHER_EQUITY_TOOL_YOY,25.7783541001
OTHER_NONCURRENT_ASSET_YOY,95.7298548031
OTHER_NONCURRENT_FINASSET_YOY,15.9953224655
OTHER_NONCURRENT_LIAB_YOY,19.239356226
OTHER_PAYABLE_YOY,None
OTHER_RECE_YOY,None
PARENT_EQUITY_BALANCE_YOY,None
PARENT_EQUITY_OTHER_YOY,None
PERPETUAL_BOND_PAYBALE_YOY,None
PERPETUAL_BOND_YOY,25.7783541001
PREDICT_CURRENT_LIAB_YOY,51.8108968712
PREDICT_LIAB_YOY,None
PREFERRED_SHARES_PAYBALE_YOY,None
PREFERRED_SHARES_YOY,None
PREMIUM_RECE_YOY,None
PREPAYMENT_YOY,26.4429773054
PRODUCTIVE_BIOLOGY_ASSET_YOY,None
PROJECT_MATERIAL_YOY,None
RC_RESERVE_RECE_YOY,None
REINSURE_PAYABLE_YOY,None
REINSURE_RECE_YOY,None
SELL_REPO_FINASSET_YOY,None
SETTLE_EXCESS_RESERVE_YOY,None
SHARE_CAPITAL_YOY,213.3848194012
SHORT_BOND_PAYABLE_YOY,None
SHORT_FIN_PAYABLE_YOY,None
SHORT_LOAN_YOY,217.9694713958
SPECIAL_PAYABLE_YOY,None
SPECIAL_RESERVE_YOY,5.4886120634
STAFF_SALARY_PAYABLE_YOY,-26.6344311519
SUBSIDY_RECE_YOY,None
SURPLUS_RESERVE_YOY,5.7037705142
TAX_PAYABLE_YOY,6.1315776546
TOTAL_ASSETS_YOY,12.813337305
TOTAL_CURRENT_ASSETS_YOY,0.2416030921
TOTAL_CURRENT_LIAB_YOY,-5.5513390989
TOTAL_EQUITY_YOY,30.1230638201
TOTAL_LIAB_EQUITY_YOY,12.813337305
TOTAL_LIABILITIES_YOY,6.9309550951
TOTAL_NONCURRENT_ASSETS_YOY,24.0994824768
TOTAL_NONCURRENT_LIAB_YOY,76.7421915515
TOTAL_OTHER_PAYABLE_YOY,-17.59185893
TOTAL_OTHER_RECE_YOY,-12.7896615902
TOTAL_PARENT_EQUITY_YOY,32.9409653613
TRADE_FINASSET_NOTFVTPL_YOY,34.6100400736
TRADE_FINASSET_YOY,None
TRADE_FINLIAB_NOTFVTPL_YOY,None
TRADE_FINLIAB_YOY,None
TREASURY_SHARES_YOY,450.8905089728
UNASSIGN_RPOFIT_YOY,17.6482750339
UNCONFIRM_INVEST_LOSS_YOY,None
USERIGHT_ASSET_YOY,-14.1114594775
OPINION_TYPE,标准无保留意见
OSOPINION_TYPE,None
LISTING_STATE,0
SECUCODE,002594.SZ
SECURITY_CODE,002594
SECURITY_NAME_ABBR,比亚迪
ORG_CODE,10010554
ORG_TYPE,通用
REPORT_DATE,2024-12-31 00:00:00
REPORT_TYPE,年报
REPORT_DATE_NAME,2024年报
SECURITY_TYPE_CODE,058001001
NOTICE_DATE,2025-03-25 00:00:00
UPDATE_DATE,2026-03-28 00:00:00
CURRENCY,CNY
ACCEPT_DEPOSIT_INTERBANK,None
ACCOUNTS_PAYABLE,241643424000
ACCOUNTS_RECE,62298988000
ACCRUED_EXPENSE,None
ADVANCE_RECEIVABLES,None
AGENT_TRADE_SECURITY,None
AGENT_UNDERWRITE_SECURITY,None
AMORTIZE_COST_FINASSET,None
AMORTIZE_COST_FINLIAB,None
AMORTIZE_COST_NCFINASSET,None
AMORTIZE_COST_NCFINLIAB,None
APPOINT_FVTPL_FINASSET,None
APPOINT_FVTPL_FINLIAB,None
ASSET_BALANCE,0
ASSET_OTHER,None
ASSIGN_CASH_DIVIDEND,None
AVAILABLE_SALE_FINASSET,None
BOND_PAYABLE,None
BORROW_FUND,None
BUY_RESALE_FINASSET,392472000
CAPITAL_RESERVE,60679406000
CIP,19954343000
CONSUMPTIVE_BIOLOGICAL_ASSET,None
CONTRACT_ASSET,1410541000
CONTRACT_LIAB,43729585000
CONVERT_DIFF,None
CREDITOR_INVEST,None
CURRENT_ASSET_BALANCE,0
CURRENT_ASSET_OTHER,11379480000
CURRENT_LIAB_BALANCE,0
CURRENT_LIAB_OTHER,None
DEFER_INCOME,None
DEFER_INCOME_1YEAR,None
DEFER_TAX_ASSET,8559492000
DEFER_TAX_LIAB,2787484000
DERIVE_FINASSET,35093000
DERIVE_FINLIAB,1993000
DEVELOP_EXPENSE,508038000
DIV_HOLDSALE_ASSET,None
DIV_HOLDSALE_LIAB,None
DIVIDEND_PAYABLE,None
DIVIDEND_RECE,None
EQUITY_BALANCE,0
EQUITY_OTHER,None
EXPORT_REFUND_RECE,None
FEE_COMMISSION_PAYABLE,None
FIN_FUND,None
FINANCE_RECE,10449966000
FIXED_ASSET,262287302000
FIXED_ASSET_DISPOSAL,None
FVTOCI_FINASSET,None
FVTOCI_NCFINASSET,None
FVTPL_FINASSET,None
FVTPL_FINLIAB,None
GENERAL_RISK_RESERVE,None
GOODWILL,4427571000
HOLD_MATURITY_INVEST,None
HOLDSALE_ASSET,None
HOLDSALE_LIAB,None
INSURANCE_CONTRACT_RESERVE,None
INTANGIBLE_ASSET,38423925000
INTEREST_PAYABLE,None
INTEREST_RECE,None
INTERNAL_PAYABLE,None
INTERNAL_RECE,None
INVENTORY,116036237000
INVEST_REALESTATE,60228000
LEASE_LIAB,9875967000
LEND_FUND,None
LIAB_BALANCE,0
LIAB_EQUITY_BALANCE,None
LIAB_EQUITY_OTHER,None
LIAB_OTHER,None
LOAN_ADVANCE,None
LOAN_PBC,None
LONG_EQUITY_INVEST,19082496000
LONG_LOAN,8257786000
LONG_PAYABLE,None
LONG_PREPAID_EXPENSE,5006717000
LONG_RECE,10206134000
LONG_STAFFSALARY_PAYABLE,None
MINORITY_EQUITY,13437105000
MONETARYFUNDS,102738734000
NONCURRENT_ASSET_1YEAR,11379480000
NONCURRENT_ASSET_BALANCE,0
NONCURRENT_ASSET_OTHER,None
NONCURRENT_LIAB_1YEAR,10222575000
NONCURRENT_LIAB_BALANCE,0
NONCURRENT_LIAB_OTHER,None
NOTE_ACCOUNTS_PAYABLE,244027420000
NOTE_ACCOUNTS_RECE,62298988000
NOTE_PAYABLE,2383996000
NOTE_RECE,None
OIL_GAS_ASSET,None
OTHER_COMPRE_INCOME,1440616000
OTHER_CREDITOR_INVEST,None
OTHER_CURRENT_ASSET,17729184000
OTHER_CURRENT_LIAB,5423861000
OTHER_EQUITY_INVEST,8501093000
OTHER_EQUITY_OTHER,None
OTHER_EQUITY_TOOL,14894442000
OTHER_NONCURRENT_ASSET,22535955000
OTHER_NONCURRENT_FINASSET,2655245000
OTHER_NONCURRENT_LIAB,67761233000
OTHER_PAYABLE,None
OTHER_RECE,None
PARENT_EQUITY_BALANCE,0
PARENT_EQUITY_OTHER,None
PERPETUAL_BOND,14894442000
PERPETUAL_BOND_PAYBALE,None
PREDICT_CURRENT_LIAB,3547165000
PREDICT_LIAB,None
PREFERRED_SHARES,None
PREFERRED_SHARES_PAYBALE,None
PREMIUM_RECE,None
PREPAYMENT,3974023000
PRODUCTIVE_BIOLOGY_ASSET,None
PROJECT_MATERIAL,None
RC_RESERVE_RECE,None
REINSURE_PAYABLE,None
REINSURE_RECE,None
SELL_REPO_FINASSET,None
SETTLE_EXCESS_RESERVE,None
SHARE_CAPITAL,2909266000
SHORT_BOND_PAYABLE,None
SHORT_FIN_PAYABLE,None
SHORT_LOAN,12103272000
SPECIAL_PAYABLE,None
SPECIAL_RESERVE,29461000
STAFF_SALARY_PAYABLE,21843196000
SUBSIDY_RECE,None
SURPLUS_RESERVE,7374087000
TAX_PAYABLE,10096912000
TOTAL_ASSETS,783355855000
TOTAL_CURRENT_ASSETS,370572244000
TOTAL_CURRENT_LIAB,495985176000
TOTAL_EQUITY,198688209000
TOTAL_LIAB_EQUITY,783355855000
TOTAL_LIABILITIES,584667646000
TOTAL_NONCURRENT_ASSETS,412783611000
TOTAL_NONCURRENT_LIAB,88682470000
TOTAL_OTHER_PAYABLE,144989197000
TOTAL_OTHER_RECE,3616030000
TOTAL_PARENT_EQUITY,185251104000
TRADE_FINASSET,None
TRADE_FINASSET_NOTFVTPL,40511496000
TRADE_FINLIAB,None
TRADE_FINLIAB_NOTFVTPL,None
TREASURY_SHARES,723968000
UNASSIGN_RPOFIT,98647794000
UNCONFIRM_INVEST_LOSS,None
USERIGHT_ASSET,10575072000
ACCEPT_DEPOSIT_INTERBANK_YOY,None
ACCOUNTS_PAYABLE_YOY,24.2831103421
ACCOUNTS_RECE_YOY,0.6998494602
ACCRUED_EXPENSE_YOY,None
ADVANCE_RECEIVABLES_YOY,None
AGENT_TRADE_SECURITY_YOY,None
AGENT_UNDERWRITE_SECURITY_YOY,None
AMORTIZE_COST_FINASSET_YOY,None
AMORTIZE_COST_FINLIAB_YOY,None
AMORTIZE_COST_NCFINASSET_YOY,None
AMORTIZE_COST_NCFINLIAB_YOY,None
APPOINT_FVTPL_FINASSET_YOY,None
APPOINT_FVTPL_FINLIAB_YOY,None
ASSET_BALANCE_YOY,None
ASSET_OTHER_YOY,None
ASSIGN_CASH_DIVIDEND_YOY,None
AVAILABLE_SALE_FINASSET_YOY,None
BOND_PAYABLE_YOY,None
BORROW_FUND_YOY,None
BUY_RESALE_FINASSET_YOY,None
CAPITAL_RESERVE_YOY,-2.1958882091
CIP_YOY,-42.5380683793
CONSUMPTIVE_BIOLOGICAL_ASSET_YOY,None
CONTRACT_ASSET_YOY,-46.9785014504
CONTRACT_LIAB_YOY,26.0272703352
CONVERT_DIFF_YOY,None
CREDITOR_INVEST_YOY,None
CURRENT_ASSET_BALANCE_YOY,None
CURRENT_ASSET_OTHER_YOY,51.5576456135
CURRENT_LIAB_BALANCE_YOY,None
CURRENT_LIAB_OTHER_YOY,None
DEFER_INCOME_1YEAR_YOY,None
DEFER_INCOME_YOY,None
DEFER_TAX_ASSET_YOY,29.9961029229
DEFER_TAX_LIAB_YOY,-29.4457173115
DERIVE_FINASSET_YOY,77.5871666414
DERIVE_FINLIAB_YOY,-74.1605082329
DEVELOP_EXPENSE_YOY,-6.0927911275
DIV_HOLDSALE_ASSET_YOY,None
DIV_HOLDSALE_LIAB_YOY,None
DIVIDEND_PAYABLE_YOY,None
DIVIDEND_RECE_YOY,None
EQUITY_BALANCE_YOY,None
EQUITY_OTHER_YOY,None
EXPORT_REFUND_RECE_YOY,None
FEE_COMMISSION_PAYABLE_YOY,None
FIN_FUND_YOY,None
FINANCE_RECE_YOY,87.7827262331
FIXED_ASSET_DISPOSAL_YOY,None
FIXED_ASSET_YOY,13.5915819842
FVTOCI_FINASSET_YOY,None
FVTOCI_NCFINASSET_YOY,None
FVTPL_FINASSET_YOY,None
FVTPL_FINLIAB_YOY,None
GENERAL_RISK_RESERVE_YOY,None
GOODWILL_YOY,0
HOLD_MATURITY_INVEST_YOY,None
HOLDSALE_ASSET_YOY,None
HOLDSALE_LIAB_YOY,None
INSURANCE_CONTRACT_RESERVE_YOY,None
INTANGIBLE_ASSET_YOY,3.1895361352
INTEREST_PAYABLE_YOY,None
INTEREST_RECE_YOY,None
INTERNAL_PAYABLE_YOY,None
INTERNAL_RECE_YOY,None
INVENTORY_YOY,32.3455073858
INVEST_REALESTATE_YOY,-27.0052114895
LEASE_LIAB_YOY,11.6283414862
LEND_FUND_YOY,None
LIAB_BALANCE_YOY,None
LIAB_EQUITY_BALANCE_YOY,None
LIAB_EQUITY_OTHER_YOY,None
LIAB_OTHER_YOY,None
LOAN_ADVANCE_YOY,None
LOAN_PBC_YOY,None
LONG_EQUITY_INVEST_YOY,8.1332054038
LONG_LOAN_YOY,-31.0422534553
LONG_PAYABLE_YOY,None
LONG_PREPAID_EXPENSE_YOY,23.2413848615
LONG_RECE_YOY,23.8880627905
LONG_STAFFSALARY_PAYABLE_YOY,None
MINORITY_EQUITY_YOY,15.3196845739
MONETARYFUNDS_YOY,-5.8258476456
NONCURRENT_ASSET_1YEAR_YOY,None
NONCURRENT_ASSET_BALANCE_YOY,None
NONCURRENT_ASSET_OTHER_YOY,None
NONCURRENT_LIAB_1YEAR_YOY,32.066234558
NONCURRENT_LIAB_BALANCE_YOY,None
NONCURRENT_LIAB_OTHER_YOY,None
NOTE_ACCOUNTS_PAYABLE_YOY,22.9461762169
NOTE_ACCOUNTS_RECE_YOY,0.6998494602
NOTE_PAYABLE_YOY,-41.1840286738
NOTE_RECE_YOY,None
OIL_GAS_ASSET_YOY,None
OTHER_COMPRE_INCOME_YOY,138.6457344578
OTHER_CREDITOR_INVEST_YOY,None
OTHER_CURRENT_ASSET_YOY,34.1615561096
OTHER_CURRENT_LIAB_YOY,196.5031520667
OTHER_EQUITY_INVEST_YOY,59.5765233422
OTHER_EQUITY_OTHER_YOY,None
OTHER_EQUITY_TOOL_YOY,None
OTHER_NONCURRENT_ASSET_YOY,47.5455188262
OTHER_NONCURRENT_FINASSET_YOY,-1.5253447778
OTHER_NONCURRENT_LIAB_YOY,33.7945759489
OTHER_PAYABLE_YOY,None
OTHER_RECE_YOY,None
PARENT_EQUITY_BALANCE_YOY,None
PARENT_EQUITY_OTHER_YOY,None
PERPETUAL_BOND_PAYBALE_YOY,None
PERPETUAL_BOND_YOY,None
PREDICT_CURRENT_LIAB_YOY,35.3711848721
PREDICT_LIAB_YOY,None
PREFERRED_SHARES_PAYBALE_YOY,None
PREFERRED_SHARES_YOY,None
PREMIUM_RECE_YOY,None
PREPAYMENT_YOY,79.3806843239
PRODUCTIVE_BIOLOGY_ASSET_YOY,None
PROJECT_MATERIAL_YOY,None
RC_RESERVE_RECE_YOY,None
REINSURE_PAYABLE_YOY,None
REINSURE_RECE_YOY,None
SELL_REPO_FINASSET_YOY,None
SETTLE_EXCESS_RESERVE_YOY,None
SHARE_CAPITAL_YOY,-0.0644763929
SHORT_BOND_PAYABLE_YOY,None
SHORT_FIN_PAYABLE_YOY,None
SHORT_LOAN_YOY,-33.9457003618
SPECIAL_PAYABLE_YOY,None
SPECIAL_RESERVE_YOY,31.6987036209
STAFF_SALARY_PAYABLE_YOY,27.4485385122
SUBSIDY_RECE_YOY,None
SURPLUS_RESERVE_YOY,0
TAX_PAYABLE_YOY,28.585015086
TOTAL_ASSETS_YOY,15.2760710665
TOTAL_CURRENT_ASSETS_YOY,22.6567160016
TOTAL_CURRENT_LIAB_YOY,9.3281053481
TOTAL_EQUITY_YOY,32.0519864027
TOTAL_LIAB_EQUITY_YOY,15.2760710665
TOTAL_LIABILITIES_YOY,10.5053120927
TOTAL_NONCURRENT_ASSETS_YOY,9.3680260543
TOTAL_NONCURRENT_LIAB_YOY,17.5865551766
TOTAL_OTHER_PAYABLE_YOY,-12.1132975039
TOTAL_OTHER_RECE_YOY,31.1147708846
TOTAL_PARENT_EQUITY_YOY,33.4565357346
TRADE_FINASSET_NOTFVTPL_YOY,324.524696082
TRADE_FINASSET_YOY,None
TRADE_FINLIAB_NOTFVTPL_YOY,None
TRADE_FINLIAB_YOY,None
TREASURY_SHARES_YOY,-42.8571428571
UNASSIGN_RPOFIT_YOY,46.9635825484
UNCONFIRM_INVEST_LOSS_YOY,None
USERIGHT_ASSET_YOY,9.2583952236
OPINION_TYPE,标准无保留意见
OSOPINION_TYPE,None
LISTING_STATE,0
SECUCODE,002594.SZ
SECURITY_CODE,002594
SECURITY_NAME_ABBR,比亚迪
ORG_CODE,10010554
ORG_TYPE,通用
REPORT_DATE,2023-12-31 00:00:00
REPORT_TYPE,年报
REPORT_DATE_NAME,2023年报
SECURITY_TYPE_CODE,058001001
NOTICE_DATE,2024-03-27 00:00:00
UPDATE_DATE,2025-03-25 00:00:00
CURRENCY,CNY
ACCEPT_DEPOSIT_INTERBANK,None
ACCOUNTS_PAYABLE,194429817000
ACCOUNTS_RECE,61866019000
ACCRUED_EXPENSE,None
ADVANCE_RECEIVABLES,None
AGENT_TRADE_SECURITY,None
AGENT_UNDERWRITE_SECURITY,None
AMORTIZE_COST_FINASSET,None
AMORTIZE_COST_FINLIAB,None
AMORTIZE_COST_NCFINASSET,None
AMORTIZE_COST_NCFINLIAB,None
APPOINT_FVTPL_FINASSET,None
APPOINT_FVTPL_FINLIAB,None
ASSET_BALANCE,0
ASSET_OTHER,None
ASSIGN_CASH_DIVIDEND,None
AVAILABLE_SALE_FINASSET,None
BOND_PAYABLE,None
BORROW_FUND,None
BUY_RESALE_FINASSET,None
CAPITAL_RESERVE,62041774000
CIP,34726196000
CONSUMPTIVE_BIOLOGICAL_ASSET,None
CONTRACT_ASSET,2660319000
CONTRACT_LIAB,34698510000
CONVERT_DIFF,None
CREDITOR_INVEST,None
CURRENT_ASSET_BALANCE,0
CURRENT_ASSET_OTHER,7508351000
CURRENT_LIAB_BALANCE,0
CURRENT_LIAB_OTHER,None
DEFER_INCOME,None
DEFER_INCOME_1YEAR,None
DEFER_TAX_ASSET,6584422000
DEFER_TAX_LIAB,3950836000
DERIVE_FINASSET,19761000
DERIVE_FINLIAB,7713000
DEVELOP_EXPENSE,541000000
DIV_HOLDSALE_ASSET,None
DIV_HOLDSALE_LIAB,None
DIVIDEND_PAYABLE,None
DIVIDEND_RECE,None
EQUITY_BALANCE,0
EQUITY_OTHER,None
EXPORT_REFUND_RECE,None
FEE_COMMISSION_PAYABLE,None
FIN_FUND,None
FINANCE_RECE,5564924000
FIXED_ASSET,230903820000
FIXED_ASSET_DISPOSAL,None
FVTOCI_FINASSET,None
FVTOCI_NCFINASSET,None
FVTPL_FINASSET,None
FVTPL_FINLIAB,None
GENERAL_RISK_RESERVE,None
GOODWILL,4427571000
HOLD_MATURITY_INVEST,None
HOLDSALE_ASSET,None
HOLDSALE_LIAB,None
INSURANCE_CONTRACT_RESERVE,None
INTANGIBLE_ASSET,37236261000
INTEREST_PAYABLE,None
INTEREST_RECE,None
INTERNAL_PAYABLE,None
INTERNAL_RECE,None
INVENTORY,87676748000
INVEST_REALESTATE,82510000
LEASE_LIAB,8847186000
LEND_FUND,None
LIAB_BALANCE,0
LIAB_EQUITY_BALANCE,None
LIAB_EQUITY_OTHER,None
LIAB_OTHER,None
LOAN_ADVANCE,None
LOAN_PBC,None
LONG_EQUITY_INVEST,17647212000
LONG_LOAN,11975139000
LONG_PAYABLE,None
LONG_PREPAID_EXPENSE,4062529000
LONG_RECE,8238190000
LONG_STAFFSALARY_PAYABLE,None
MINORITY_EQUITY,11652048000
MONETARYFUNDS,109094408000
NONCURRENT_ASSET_1YEAR,None
NONCURRENT_ASSET_BALANCE,0
NONCURRENT_ASSET_OTHER,None
NONCURRENT_LIAB_1YEAR,7740491000
NONCURRENT_LIAB_BALANCE,0
NONCURRENT_LIAB_OTHER,None
NOTE_ACCOUNTS_PAYABLE,198483131000
NOTE_ACCOUNTS_RECE,61866019000
NOTE_PAYABLE,4053314000
NOTE_RECE,None
OIL_GAS_ASSET,None
OTHER_COMPRE_INCOME,603663000
OTHER_CREDITOR_INVEST,None
OTHER_CURRENT_ASSET,13214802000
OTHER_CURRENT_LIAB,1829276000
OTHER_EQUITY_INVEST,5327283000
OTHER_EQUITY_OTHER,None
OTHER_EQUITY_TOOL,None
OTHER_NONCURRENT_ASSET,15273900000
OTHER_NONCURRENT_FINASSET,2696374000
OTHER_NONCURRENT_LIAB,50645725000
OTHER_PAYABLE,None
OTHER_RECE,None
PARENT_EQUITY_BALANCE,0
PARENT_EQUITY_OTHER,None
PERPETUAL_BOND,None
PERPETUAL_BOND_PAYBALE,None
PREDICT_CURRENT_LIAB,2620325000
PREDICT_LIAB,None
PREFERRED_SHARES,None
PREFERRED_SHARES_PAYBALE,None
PREMIUM_RECE,None
PREPAYMENT,2215413000
PRODUCTIVE_BIOLOGY_ASSET,None
PROJECT_MATERIAL,None
RC_RESERVE_RECE,None
REINSURE_PAYABLE,None
REINSURE_RECE,None
SELL_REPO_FINASSET,None
SETTLE_EXCESS_RESERVE,None
SHARE_CAPITAL,2911143000
SHORT_BOND_PAYABLE,None
SHORT_FIN_PAYABLE,None
SHORT_LOAN,18323216000
SPECIAL_PAYABLE,None
SPECIAL_RESERVE,22370000
STAFF_SALARY_PAYABLE,17138836000
SUBSIDY_RECE,None
SURPLUS_RESERVE,7374087000
TAX_PAYABLE,7852324000
TOTAL_ASSETS,679547670000
TOTAL_CURRENT_ASSETS,302121446000
TOTAL_CURRENT_LIAB,453666671000
TOTAL_EQUITY,150462113000
TOTAL_LIAB_EQUITY,679547670000
TOTAL_LIABILITIES,529085557000
TOTAL_NONCURRENT_ASSETS,377426224000
TOTAL_NONCURRENT_LIAB,75418886000
TOTAL_OTHER_PAYABLE,164972849000
TOTAL_OTHER_RECE,2757912000
TOTAL_PARENT_EQUITY,138810065000
TRADE_FINASSET,None
TRADE_FINASSET_NOTFVTPL,9542789000
TRADE_FINLIAB,None
TRADE_FINLIAB_NOTFVTPL,7713000
TREASURY_SHARES,1266944000
UNASSIGN_RPOFIT,67123972000
UNCONFIRM_INVEST_LOSS,None
USERIGHT_ASSET,9678956000
ACCEPT_DEPOSIT_INTERBANK_YOY,None
ACCOUNTS_PAYABLE_YOY,38.4459849024
ACCOUNTS_RECE_YOY,59.3314924859
ACCRUED_EXPENSE_YOY,None
ADVANCE_RECEIVABLES_YOY,None
AGENT_TRADE_SECURITY_YOY,None
AGENT_UNDERWRITE_SECURITY_YOY,None
AMORTIZE_COST_FINASSET_YOY,None
AMORTIZE_COST_FINLIAB_YOY,None
AMORTIZE_COST_NCFINASSET_YOY,None
AMORTIZE_COST_NCFINLIAB_YOY,None
APPOINT_FVTPL_FINASSET_YOY,None
APPOINT_FVTPL_FINLIAB_YOY,None
ASSET_BALANCE_YOY,None
ASSET_OTHER_YOY,None
ASSIGN_CASH_DIVIDEND_YOY,None
AVAILABLE_SALE_FINASSET_YOY,None
BOND_PAYABLE_YOY,None
BORROW_FUND_YOY,None
BUY_RESALE_FINASSET_YOY,None
CAPITAL_RESERVE_YOY,0.5443256449
CIP_YOY,-22.1768486732
CONSUMPTIVE_BIOLOGICAL_ASSET_YOY,None
CONTRACT_ASSET_YOY,-80.370992455
CONTRACT_LIAB_YOY,-2.3033220183
CONVERT_DIFF_YOY,None
CREDITOR_INVEST_YOY,None
CURRENT_ASSET_BALANCE_YOY,None
CURRENT_ASSET_OTHER_YOY,613.3404968068
CURRENT_LIAB_BALANCE_YOY,None
CURRENT_LIAB_OTHER_YOY,None
DEFER_INCOME_1YEAR_YOY,None
DEFER_INCOME_YOY,None
DEFER_TAX_ASSET_YOY,78.5894130714
DEFER_TAX_LIAB_YOY,95.7283765909
DERIVE_FINASSET_YOY,None
DERIVE_FINLIAB_YOY,None
DEVELOP_EXPENSE_YOY,-67.8550207962
DIV_HOLDSALE_ASSET_YOY,None
DIV_HOLDSALE_LIAB_YOY,None
DIVIDEND_PAYABLE_YOY,None
DIVIDEND_RECE_YOY,None
EQUITY_BALANCE_YOY,None
EQUITY_OTHER_YOY,None
EXPORT_REFUND_RECE_YOY,None
FEE_COMMISSION_PAYABLE_YOY,None
FIN_FUND_YOY,None
FINANCE_RECE_YOY,-56.8419308897
FIXED_ASSET_DISPOSAL_YOY,None
FIXED_ASSET_YOY,75.0858158427
FVTOCI_FINASSET_YOY,None
FVTOCI_NCFINASSET_YOY,None
FVTPL_FINASSET_YOY,None
FVTPL_FINLIAB_YOY,None
GENERAL_RISK_RESERVE_YOY,None
GOODWILL_YOY,6617.1936159238
HOLD_MATURITY_INVEST_YOY,None
HOLDSALE_ASSET_YOY,None
HOLDSALE_LIAB_YOY,None
INSURANCE_CONTRACT_RESERVE_YOY,None
INTANGIBLE_ASSET_YOY,60.3387336541
INTEREST_PAYABLE_YOY,None
INTEREST_RECE_YOY,None
INTERNAL_PAYABLE_YOY,None
INTERNAL_RECE_YOY,None
INVENTORY_YOY,10.8328307769
INVEST_REALESTATE_YOY,-2.9351214634
LEASE_LIAB_YOY,238.030561569
LEND_FUND_YOY,None
LIAB_BALANCE_YOY,None
LIAB_EQUITY_BALANCE_YOY,None
LIAB_EQUITY_OTHER_YOY,None
LIAB_OTHER_YOY,None
LOAN_ADVANCE_YOY,None
LOAN_PBC_YOY,None
LONG_EQUITY_INVEST_YOY,13.9603091996
LONG_LOAN_YOY,57.7005018439
LONG_PAYABLE_YOY,None
LONG_PREPAID_EXPENSE_YOY,786.8059496887
LONG_RECE_YOY,636.4489105939
LONG_STAFFSALARY_PAYABLE_YOY,None
MINORITY_EQUITY_YOY,12.4656653931
MONETARYFUNDS_YOY,111.9520711975
NONCURRENT_ASSET_1YEAR_YOY,None
NONCURRENT_ASSET_BALANCE_YOY,None
NONCURRENT_ASSET_OTHER_YOY,None
NONCURRENT_LIAB_1YEAR_YOY,19.732357922
NONCURRENT_LIAB_BALANCE_YOY,None
NONCURRENT_LIAB_OTHER_YOY,None
NOTE_ACCOUNTS_PAYABLE_YOY,38.0601151475
NOTE_ACCOUNTS_RECE_YOY,59.3314924859
NOTE_PAYABLE_YOY,21.7789587188
NOTE_RECE_YOY,None
OIL_GAS_ASSET_YOY,None
OTHER_COMPRE_INCOME_YOY,40.9334348122
OTHER_CREDITOR_INVEST_YOY,None
OTHER_CURRENT_ASSET_YOY,0.5983541208
OTHER_CURRENT_LIAB_YOY,-30.0476628967
OTHER_EQUITY_INVEST_YOY,20.565389274
OTHER_EQUITY_OTHER_YOY,None
OTHER_EQUITY_TOOL_YOY,None
OTHER_NONCURRENT_ASSET_YOY,-27.4237554808
OTHER_NONCURRENT_FINASSET_YOY,25.5797945174
OTHER_NONCURRENT_LIAB_YOY,88.296134179
OTHER_PAYABLE_YOY,None
OTHER_RECE_YOY,None
PARENT_EQUITY_BALANCE_YOY,None
PARENT_EQUITY_OTHER_YOY,None
PERPETUAL_BOND_PAYBALE_YOY,None
PERPETUAL_BOND_YOY,None
PREDICT_CURRENT_LIAB_YOY,103.5279761886
PREDICT_LIAB_YOY,None
PREFERRED_SHARES_PAYBALE_YOY,None
PREFERRED_SHARES_YOY,None
PREMIUM_RECE_YOY,None
PREPAYMENT_YOY,-73.0601939523
PRODUCTIVE_BIOLOGY_ASSET_YOY,None
PROJECT_MATERIAL_YOY,None
RC_RESERVE_RECE_YOY,None
REINSURE_PAYABLE_YOY,None
REINSURE_RECE_YOY,None
SELL_REPO_FINASSET_YOY,None
SETTLE_EXCESS_RESERVE_YOY,None
SHARE_CAPITAL_YOY,0
SHORT_BOND_PAYABLE_YOY,None
SHORT_FIN_PAYABLE_YOY,None
SHORT_LOAN_YOY,255.5767035674
SPECIAL_PAYABLE_YOY,None
SPECIAL_RESERVE_YOY,85.2127835734
STAFF_SALARY_PAYABLE_YOY,42.3844839886
SUBSIDY_RECE_YOY,None
SURPLUS_RESERVE_YOY,7.8312903293
TAX_PAYABLE_YOY,81.4981252285
TOTAL_ASSETS_YOY,37.5990728364
TOTAL_CURRENT_ASSETS_YOY,25.4638895272
TOTAL_CURRENT_LIAB_YOY,36.0954171981
TOTAL_EQUITY_YOY,23.9495139943
TOTAL_LIAB_EQUITY_YOY,37.5990728364
TOTAL_LIABILITIES_YOY,42.0475227094
TOTAL_NONCURRENT_ASSETS_YOY,49.1466415417
TOTAL_NONCURRENT_LIAB_YOY,92.7577773366
TOTAL_OTHER_PAYABLE_YOY,35.0865217218
TOTAL_OTHER_RECE_YOY,44.3926180453
TOTAL_PARENT_EQUITY_YOY,25.0211126704
TRADE_FINASSET_NOTFVTPL_YOY,-53.7362612856
TRADE_FINASSET_YOY,None
TRADE_FINLIAB_NOTFVTPL_YOY,-85.8749198791
TRADE_FINLIAB_YOY,None
TREASURY_SHARES_YOY,-30
UNASSIGN_RPOFIT_YOY,63.9439993404
UNCONFIRM_INVEST_LOSS_YOY,None
USERIGHT_ASSET_YOY,208.509632563
OPINION_TYPE,标准无保留意见
OSOPINION_TYPE,None
LISTING_STATE,0
SECUCODE,002594.SZ
SECURITY_CODE,002594
SECURITY_NAME_ABBR,比亚迪
ORG_CODE,10010554
ORG_TYPE,通用
REPORT_DATE,2022-12-31 00:00:00
REPORT_TYPE,年报
REPORT_DATE_NAME,2022年报
SECURITY_TYPE_CODE,058001001
NOTICE_DATE,2023-03-29 00:00:00
UPDATE_DATE,2024-03-27 00:00:00
CURRENCY,CNY
ACCEPT_DEPOSIT_INTERBANK,None
ACCOUNTS_PAYABLE,140437310000
ACCOUNTS_RECE,38828494000
ACCRUED_EXPENSE,None
ADVANCE_RECEIVABLES,None
AGENT_TRADE_SECURITY,None
AGENT_UNDERWRITE_SECURITY,None
AMORTIZE_COST_FINASSET,None
AMORTIZE_COST_FINLIAB,None
AMORTIZE_COST_NCFINASSET,None
AMORTIZE_COST_NCFINLIAB,None
APPOINT_FVTPL_FINASSET,None
APPOINT_FVTPL_FINLIAB,None
ASSET_BALANCE,0
ASSET_OTHER,None
ASSIGN_CASH_DIVIDEND,None
AVAILABLE_SALE_FINASSET,None
BOND_PAYABLE,None
BORROW_FUND,None
BUY_RESALE_FINASSET,None
CAPITAL_RESERVE,61705893000
CIP,44621935000
CONSUMPTIVE_BIOLOGICAL_ASSET,None
CONTRACT_ASSET,13552998000
CONTRACT_LIAB,35516571000
CONVERT_DIFF,None
CREDITOR_INVEST,None
CURRENT_ASSET_BALANCE,0
CURRENT_ASSET_OTHER,1052562000
CURRENT_LIAB_BALANCE,0
CURRENT_LIAB_OTHER,None
DEFER_INCOME,None
DEFER_INCOME_1YEAR,None
DEFER_TAX_ASSET,3686905000
DEFER_TAX_LIAB,2018530000
DERIVE_FINASSET,None
DERIVE_FINLIAB,None
DEVELOP_EXPENSE,1683000000
DIV_HOLDSALE_ASSET,None
DIV_HOLDSALE_LIAB,None
DIVIDEND_PAYABLE,None
DIVIDEND_RECE,None
EQUITY_BALANCE,0
EQUITY_OTHER,None
EXPORT_REFUND_RECE,None
FEE_COMMISSION_PAYABLE,None
FIN_FUND,None
FINANCE_RECE,12894284000
FIXED_ASSET,131880369000
FIXED_ASSET_DISPOSAL,None
FVTOCI_FINASSET,None
FVTOCI_NCFINASSET,None
FVTPL_FINASSET,None
FVTPL_FINLIAB,None
GENERAL_RISK_RESERVE,None
GOODWILL,65914000
HOLD_MATURITY_INVEST,None
HOLDSALE_ASSET,None
HOLDSALE_LIAB,None
INSURANCE_CONTRACT_RESERVE,None
INTANGIBLE_ASSET,23223497000
INTEREST_PAYABLE,None
INTEREST_RECE,None
INTERNAL_PAYABLE,None
INTERNAL_RECE,None
INVENTORY,79107199000
INVEST_REALESTATE,85005000
LEASE_LIAB,2617274000
LEND_FUND,None
LIAB_BALANCE,0
LIAB_EQUITY_BALANCE,None
LIAB_EQUITY_OTHER,None
LIAB_OTHER,None
LOAN_ADVANCE,None
LOAN_PBC,None
LONG_EQUITY_INVEST,15485402000
LONG_LOAN,7593596000
LONG_PAYABLE,None
LONG_PREPAID_EXPENSE,458108000
LONG_RECE,1118637000
LONG_STAFFSALARY_PAYABLE,None
MINORITY_EQUITY,10360538000
MONETARYFUNDS,51471263000
NONCURRENT_ASSET_1YEAR,None
NONCURRENT_ASSET_BALANCE,0
NONCURRENT_ASSET_OTHER,None
NONCURRENT_LIAB_1YEAR,6464828000
NONCURRENT_LIAB_BALANCE,0
NONCURRENT_LIAB_OTHER,None
NOTE_ACCOUNTS_PAYABLE,143765729000
NOTE_ACCOUNTS_RECE,38828494000
NOTE_PAYABLE,3328419000
NOTE_RECE,None
OIL_GAS_ASSET,None
OTHER_COMPRE_INCOME,428332000
OTHER_CREDITOR_INVEST,None
OTHER_CURRENT_ASSET,13136201000
OTHER_CURRENT_LIAB,2615032000
OTHER_EQUITY_INVEST,4418584000
OTHER_EQUITY_OTHER,None
OTHER_EQUITY_TOOL,None
OTHER_NONCURRENT_ASSET,21045316000
OTHER_NONCURRENT_FINASSET,2147140000
OTHER_NONCURRENT_LIAB,26896848000
OTHER_PAYABLE,None
OTHER_RECE,None
PARENT_EQUITY_BALANCE,0
PARENT_EQUITY_OTHER,None
PERPETUAL_BOND,None
PERPETUAL_BOND_PAYBALE,None
PREDICT_CURRENT_LIAB,1287452000
PREDICT_LIAB,None
PREFERRED_SHARES,None
PREFERRED_SHARES_PAYBALE,None
PREMIUM_RECE,None
PREPAYMENT,8223567000
PRODUCTIVE_BIOLOGY_ASSET,None
PROJECT_MATERIAL,None
RC_RESERVE_RECE,None
REINSURE_PAYABLE,None
REINSURE_RECE,None
SELL_REPO_FINASSET,None
SETTLE_EXCESS_RESERVE,None
SHARE_CAPITAL,2911143000
SHORT_BOND_PAYABLE,None
SHORT_FIN_PAYABLE,None
SHORT_LOAN,5153098000
SPECIAL_PAYABLE,None
SPECIAL_RESERVE,12078000
STAFF_SALARY_PAYABLE,12037011000
SUBSIDY_RECE,None
SURPLUS_RESERVE,6838541000
TAX_PAYABLE,4326394000
TOTAL_ASSETS,493860646000
TOTAL_CURRENT_ASSETS,240803507000
TOTAL_CURRENT_LIAB,333344561000
TOTAL_EQUITY,121389837000
TOTAL_LIAB_EQUITY,493860646000
TOTAL_LIABILITIES,372470809000
TOTAL_NONCURRENT_ASSETS,253057139000
TOTAL_NONCURRENT_LIAB,39126248000
TOTAL_OTHER_PAYABLE,122123841000
TOTAL_OTHER_RECE,1910009000
TOTAL_PARENT_EQUITY,111029299000
TRADE_FINASSET,None
TRADE_FINASSET_NOTFVTPL,20626930000
TRADE_FINLIAB,None
TRADE_FINLIAB_NOTFVTPL,54605000
TREASURY_SHARES,1809920000
UNASSIGN_RPOFIT,40943232000
UNCONFIRM_INVEST_LOSS,None
USERIGHT_ASSET,3137327000
ACCEPT_DEPOSIT_INTERBANK_YOY,None
ACCOUNTS_PAYABLE_YOY,91.9587061632
ACCOUNTS_RECE_YOY,7.1093048301
ACCRUED_EXPENSE_YOY,None
ADVANCE_RECEIVABLES_YOY,None
AGENT_TRADE_SECURITY_YOY,None
AGENT_UNDERWRITE_SECURITY_YOY,None
AMORTIZE_COST_FINASSET_YOY,None
AMORTIZE_COST_FINLIAB_YOY,None
AMORTIZE_COST_NCFINASSET_YOY,None
AMORTIZE_COST_NCFINLIAB_YOY,None
APPOINT_FVTPL_FINASSET_YOY,None
APPOINT_FVTPL_FINLIAB_YOY,None
ASSET_BALANCE_YOY,None
ASSET_OTHER_YOY,None
ASSIGN_CASH_DIVIDEND_YOY,None
AVAILABLE_SALE_FINASSET_YOY,None
BOND_PAYABLE_YOY,None
BORROW_FUND_YOY,None
BUY_RESALE_FINASSET_YOY,None
CAPITAL_RESERVE_YOY,1.4779067597
CIP_YOY,120.0584653516
CONSUMPTIVE_BIOLOGICAL_ASSET_YOY,None
CONTRACT_ASSET_YOY,59.571275612
CONTRACT_LIAB_YOY,137.8462430059
CONVERT_DIFF_YOY,None
CREDITOR_INVEST_YOY,None
CURRENT_ASSET_BALANCE_YOY,None
CURRENT_ASSET_OTHER_YOY,-14.5416740077
CURRENT_LIAB_BALANCE_YOY,None
CURRENT_LIAB_OTHER_YOY,None
DEFER_INCOME_1YEAR_YOY,None
DEFER_INCOME_YOY,None
DEFER_TAX_ASSET_YOY,92.6971289635
DEFER_TAX_LIAB_YOY,231.1421568788
DERIVE_FINASSET_YOY,None
DERIVE_FINLIAB_YOY,None
DEVELOP_EXPENSE_YOY,-35.3942429092
DIV_HOLDSALE_ASSET_YOY,None
DIV_HOLDSALE_LIAB_YOY,None
DIVIDEND_PAYABLE_YOY,None
DIVIDEND_RECE_YOY,None
EQUITY_BALANCE_YOY,None
EQUITY_OTHER_YOY,None
EXPORT_REFUND_RECE_YOY,None
FEE_COMMISSION_PAYABLE_YOY,None
FIN_FUND_YOY,None
FINANCE_RECE_YOY,47.4791052994
FIXED_ASSET_DISPOSAL_YOY,None
FIXED_ASSET_YOY,115.4155971531
FVTOCI_FINASSET_YOY,None
FVTOCI_NCFINASSET_YOY,None
FVTPL_FINASSET_YOY,None
FVTPL_FINLIAB_YOY,None
GENERAL_RISK_RESERVE_YOY,None
GOODWILL_YOY,0
HOLD_MATURITY_INVEST_YOY,None
HOLDSALE_ASSET_YOY,None
HOLDSALE_LIAB_YOY,None
INSURANCE_CONTRACT_RESERVE_YOY,None
INTANGIBLE_ASSET_YOY,35.7706854545
INTEREST_PAYABLE_YOY,None
INTEREST_RECE_YOY,None
INTERNAL_PAYABLE_YOY,None
INTERNAL_RECE_YOY,None
INVENTORY_YOY,82.4647601734
INVEST_REALESTATE_YOY,-2.8514285714
LEASE_LIAB_YOY,84.928329227
LEND_FUND_YOY,None
LIAB_BALANCE_YOY,None
LIAB_EQUITY_BALANCE_YOY,None
LIAB_EQUITY_OTHER_YOY,None
LIAB_OTHER_YOY,None
LOAN_ADVANCE_YOY,None
LOAN_PBC_YOY,None
LONG_EQUITY_INVEST_YOY,95.8937386599
LONG_LOAN_YOY,-13.1517184328
LONG_PAYABLE_YOY,None
LONG_PREPAID_EXPENSE_YOY,491.6262010538
LONG_RECE_YOY,-4.3947394061
LONG_STAFFSALARY_PAYABLE_YOY,None
MINORITY_EQUITY_YOY,12.9270814509
MONETARYFUNDS_YOY,2.0099570929
NONCURRENT_ASSET_1YEAR_YOY,None
NONCURRENT_ASSET_BALANCE_YOY,None
NONCURRENT_ASSET_OTHER_YOY,None
NONCURRENT_LIAB_1YEAR_YOY,-50.2070333416
NONCURRENT_LIAB_BALANCE_YOY,None
NONCURRENT_LIAB_OTHER_YOY,None
NOTE_ACCOUNTS_PAYABLE_YOY,78.6095475323
NOTE_ACCOUNTS_RECE_YOY,7.1093048301
NOTE_PAYABLE_YOY,-54.6008645755
NOTE_RECE_YOY,None
OIL_GAS_ASSET_YOY,None
OTHER_COMPRE_INCOME_YOY,445.2758856959
OTHER_CREDITOR_INVEST_YOY,None
OTHER_CURRENT_ASSET_YOY,54.0817491108
OTHER_CURRENT_LIAB_YOY,92.4071122805
OTHER_EQUITY_INVEST_YOY,51.6414787929
OTHER_EQUITY_OTHER_YOY,None
OTHER_EQUITY_TOOL_YOY,None
OTHER_NONCURRENT_ASSET_YOY,68.0794821521
OTHER_NONCURRENT_FINASSET_YOY,817.6910057614
OTHER_NONCURRENT_LIAB_YOY,262.6290804091
OTHER_PAYABLE_YOY,None
OTHER_RECE_YOY,None
PARENT_EQUITY_BALANCE_YOY,None
PARENT_EQUITY_OTHER_YOY,None
PERPETUAL_BOND_PAYBALE_YOY,None
PERPETUAL_BOND_YOY,None
PREDICT_CURRENT_LIAB_YOY,-45.3442148038
PREDICT_LIAB_YOY,None
PREFERRED_SHARES_PAYBALE_YOY,None
PREFERRED_SHARES_YOY,None
PREMIUM_RECE_YOY,None
PREPAYMENT_YOY,303.7935712718
PRODUCTIVE_BIOLOGY_ASSET_YOY,None
PROJECT_MATERIAL_YOY,None
RC_RESERVE_RECE_YOY,None
REINSURE_PAYABLE_YOY,None
REINSURE_RECE_YOY,None
SELL_REPO_FINASSET_YOY,None
SETTLE_EXCESS_RESERVE_YOY,None
SHARE_CAPITAL_YOY,0
SHORT_BOND_PAYABLE_YOY,None
SHORT_FIN_PAYABLE_YOY,None
SHORT_LOAN_YOY,-49.5010073147
SPECIAL_PAYABLE_YOY,None
SPECIAL_RESERVE_YOY,16.481820812
STAFF_SALARY_PAYABLE_YOY,105.8006247361
SUBSIDY_RECE_YOY,None
SURPLUS_RESERVE_YOY,36.5226763834
TAX_PAYABLE_YOY,143.1900070713
TOTAL_ASSETS_YOY,66.968828371
TOTAL_CURRENT_ASSETS_YOY,44.9661266715
TOTAL_CURRENT_LIAB_YOY,94.5924613388
TOTAL_EQUITY_YOY,16.4475592117
TOTAL_LIAB_EQUITY_YOY,66.968828371
TOTAL_LIABILITIES_YOY,94.4652334644
TOTAL_NONCURRENT_ASSETS_YOY,95.1547936801
TOTAL_NONCURRENT_LIAB_YOY,93.3879972483
TOTAL_OTHER_PAYABLE_YOY,195.3553732648
TOTAL_OTHER_RECE_YOY,35.3895194829
TOTAL_PARENT_EQUITY_YOY,16.7872969709
TRADE_FINASSET_NOTFVTPL_YOY,267.9403972707
TRADE_FINASSET_YOY,None
TRADE_FINLIAB_NOTFVTPL_YOY,None
TRADE_FINLIAB_YOY,None
TREASURY_SHARES_YOY,None
UNASSIGN_RPOFIT_YOY,54.7602658265
UNCONFIRM_INVEST_LOSS_YOY,None
USERIGHT_ASSET_YOY,99.4192210685
OPINION_TYPE,标准无保留意见
OSOPINION_TYPE,None
LISTING_STATE,0
SECUCODE,002594.SZ
SECURITY_CODE,002594
SECURITY_NAME_ABBR,比亚迪
ORG_CODE,10010554
ORG_TYPE,通用
REPORT_DATE,2021-12-31 00:00:00
REPORT_TYPE,年报
REPORT_DATE_NAME,2021年报
SECURITY_TYPE_CODE,058001001
NOTICE_DATE,2022-03-30 00:00:00
UPDATE_DATE,2023-03-29 00:00:00
CURRENCY,CNY
ACCEPT_DEPOSIT_INTERBANK,None
ACCOUNTS_PAYABLE,73160167000
ACCOUNTS_RECE,36251280000
ACCRUED_EXPENSE,None
ADVANCE_RECEIVABLES,1300000
AGENT_TRADE_SECURITY,None
AGENT_UNDERWRITE_SECURITY,None
AMORTIZE_COST_FINASSET,None
AMORTIZE_COST_FINLIAB,None
AMORTIZE_COST_NCFINASSET,None
AMORTIZE_COST_NCFINLIAB,None
APPOINT_FVTPL_FINASSET,None
APPOINT_FVTPL_FINLIAB,None
ASSET_BALANCE,0
ASSET_OTHER,None
ASSIGN_CASH_DIVIDEND,None
AVAILABLE_SALE_FINASSET,None
BOND_PAYABLE,2046439000
BORROW_FUND,None
BUY_RESALE_FINASSET,None
CAPITAL_RESERVE,60807219000
CIP,20277309000
CONSUMPTIVE_BIOLOGICAL_ASSET,None
CONTRACT_ASSET,8493382000
CONTRACT_LIAB,14932576000
CONVERT_DIFF,None
CREDITOR_INVEST,None
CURRENT_ASSET_BALANCE,0
CURRENT_ASSET_OTHER,1231667000
CURRENT_LIAB_BALANCE,0
CURRENT_LIAB_OTHER,None
DEFER_INCOME,None
DEFER_INCOME_1YEAR,None
DEFER_TAX_ASSET,1913316000
DEFER_TAX_LIAB,609566000
DERIVE_FINASSET,None
DERIVE_FINLIAB,None
DEVELOP_EXPENSE,2605031000
DIV_HOLDSALE_ASSET,None
DIV_HOLDSALE_LIAB,None
DIVIDEND_PAYABLE,None
DIVIDEND_RECE,None
EQUITY_BALANCE,0
EQUITY_OTHER,None
EXPORT_REFUND_RECE,None
FEE_COMMISSION_PAYABLE,None
FIN_FUND,None
FINANCE_RECE,8743126000
FIXED_ASSET,61221365000
FIXED_ASSET_DISPOSAL,None
FVTOCI_FINASSET,None
FVTOCI_NCFINASSET,None
FVTPL_FINASSET,None
FVTPL_FINLIAB,None
GENERAL_RISK_RESERVE,None
GOODWILL,65914000
HOLD_MATURITY_INVEST,None
HOLDSALE_ASSET,None
HOLDSALE_LIAB,None
INSURANCE_CONTRACT_RESERVE,None
INTANGIBLE_ASSET,17104942000
INTEREST_PAYABLE,None
INTEREST_RECE,136569000
INTERNAL_PAYABLE,None
INTERNAL_RECE,None
INVENTORY,43354782000
INVEST_REALESTATE,87500000
LEASE_LIAB,1415291000
LEND_FUND,None
LIAB_BALANCE,0
LIAB_EQUITY_BALANCE,None
LIAB_EQUITY_OTHER,None
LIAB_OTHER,None
LOAN_ADVANCE,None
LOAN_PBC,None
LONG_EQUITY_INVEST,7905001000
LONG_LOAN,8743519000
LONG_PAYABLE,None
LONG_PREPAID_EXPENSE,77432000
LONG_RECE,1170058000
LONG_STAFFSALARY_PAYABLE,None
MINORITY_EQUITY,9174538000
MONETARYFUNDS,50457097000
NONCURRENT_ASSET_1YEAR,1231667000
NONCURRENT_ASSET_BALANCE,0
NONCURRENT_ASSET_OTHER,None
NONCURRENT_LIAB_1YEAR,12983416000
NONCURRENT_LIAB_BALANCE,0
NONCURRENT_LIAB_OTHER,None
NOTE_ACCOUNTS_PAYABLE,80491626000
NOTE_ACCOUNTS_RECE,36251280000
NOTE_PAYABLE,7331459000
NOTE_RECE,None
OIL_GAS_ASSET,None
OTHER_COMPRE_INCOME,-124055000
OTHER_CREDITOR_INVEST,None
OTHER_CURRENT_ASSET,8525475000
OTHER_CURRENT_LIAB,1359114000
OTHER_EQUITY_INVEST,2913836000
OTHER_EQUITY_OTHER,None
OTHER_EQUITY_TOOL,None
OTHER_NONCURRENT_ASSET,12521050000
OTHER_NONCURRENT_FINASSET,233972000
OTHER_NONCURRENT_LIAB,7417179000
OTHER_PAYABLE,None
OTHER_RECE,None
PARENT_EQUITY_BALANCE,0
PARENT_EQUITY_OTHER,None
PERPETUAL_BOND,None
PERPETUAL_BOND_PAYBALE,None
PREDICT_CURRENT_LIAB,2355564000
PREDICT_LIAB,None
PREFERRED_SHARES,None
PREFERRED_SHARES_PAYBALE,None
PREMIUM_RECE,None
PREPAYMENT,2036577000
PRODUCTIVE_BIOLOGY_ASSET,None
PROJECT_MATERIAL,None
RC_RESERVE_RECE,None
REINSURE_PAYABLE,None
REINSURE_RECE,None
SELL_REPO_FINASSET,None
SETTLE_EXCESS_RESERVE,None
SHARE_CAPITAL,2911143000
SHORT_BOND_PAYABLE,None
SHORT_FIN_PAYABLE,None
SHORT_LOAN,10204358000
SPECIAL_PAYABLE,None
SPECIAL_RESERVE,10369000
STAFF_SALARY_PAYABLE,5848870000
SUBSIDY_RECE,None
SURPLUS_RESERVE,5009088000
TAX_PAYABLE,1779018000
TOTAL_ASSETS,295780147000
TOTAL_CURRENT_ASSETS,166110189000
TOTAL_CURRENT_LIAB,171303944000
TOTAL_EQUITY,104244209000
TOTAL_LIAB_EQUITY,295780147000
TOTAL_LIABILITIES,191535938000
TOTAL_NONCURRENT_ASSETS,129669958000
TOTAL_NONCURRENT_LIAB,20231994000
TOTAL_OTHER_PAYABLE,41348102000
TOTAL_OTHER_RECE,1410751000
TOTAL_PARENT_EQUITY,95069671000
TRADE_FINASSET,None
TRADE_FINASSET_NOTFVTPL,5606052000
TRADE_FINLIAB,None
TRADE_FINLIAB_NOTFVTPL,None
TREASURY_SHARES,None
UNASSIGN_RPOFIT,26455907000
UNCONFIRM_INVEST_LOSS,None
USERIGHT_ASSET,1573232000
ACCEPT_DEPOSIT_INTERBANK_YOY,None
ACCOUNTS_PAYABLE_YOY,70.2087588446
ACCOUNTS_RECE_YOY,-12.0465245568
ACCRUED_EXPENSE_YOY,None
ADVANCE_RECEIVABLES_YOY,-82.6666666667
AGENT_TRADE_SECURITY_YOY,None
AGENT_UNDERWRITE_SECURITY_YOY,None
AMORTIZE_COST_FINASSET_YOY,None
AMORTIZE_COST_FINLIAB_YOY,None
AMORTIZE_COST_NCFINASSET_YOY,None
AMORTIZE_COST_NCFINLIAB_YOY,None
APPOINT_FVTPL_FINASSET_YOY,None
APPOINT_FVTPL_FINLIAB_YOY,None
ASSET_BALANCE_YOY,None
ASSET_OTHER_YOY,None
ASSIGN_CASH_DIVIDEND_YOY,None
AVAILABLE_SALE_FINASSET_YOY,None
BOND_PAYABLE_YOY,-76.9557069066
BORROW_FUND_YOY,None
BUY_RESALE_FINASSET_YOY,None
CAPITAL_RESERVE_YOY,146.196399376
CIP_YOY,231.7749024137
CONSUMPTIVE_BIOLOGICAL_ASSET_YOY,None
CONTRACT_ASSET_YOY,58.8704673777
CONTRACT_LIAB_YOY,82.418523195
CONVERT_DIFF_YOY,None
CREDITOR_INVEST_YOY,None
CURRENT_ASSET_BALANCE_YOY,None
CURRENT_ASSET_OTHER_YOY,None
CURRENT_LIAB_BALANCE_YOY,None
CURRENT_LIAB_OTHER_YOY,None
DEFER_INCOME_1YEAR_YOY,None
DEFER_INCOME_YOY,None
DEFER_TAX_ASSET_YOY,8.1595839399
DEFER_TAX_LIAB_YOY,55.0466742973
DERIVE_FINASSET_YOY,None
DERIVE_FINLIAB_YOY,None
DEVELOP_EXPENSE_YOY,-46.6805834487
DIV_HOLDSALE_ASSET_YOY,None
DIV_HOLDSALE_LIAB_YOY,None
DIVIDEND_PAYABLE_YOY,None
DIVIDEND_RECE_YOY,None
EQUITY_BALANCE_YOY,None
EQUITY_OTHER_YOY,None
EXPORT_REFUND_RECE_YOY,None
FEE_COMMISSION_PAYABLE_YOY,None
FIN_FUND_YOY,None
FINANCE_RECE_YOY,-1.345175202
FIXED_ASSET_DISPOSAL_YOY,None
FIXED_ASSET_YOY,12.1586355277
FVTOCI_FINASSET_YOY,None
FVTOCI_NCFINASSET_YOY,None
FVTPL_FINASSET_YOY,None
FVTPL_FINLIAB_YOY,None
GENERAL_RISK_RESERVE_YOY,None
GOODWILL_YOY,0
HOLD_MATURITY_INVEST_YOY,None
HOLDSALE_ASSET_YOY,None
HOLDSALE_LIAB_YOY,None
INSURANCE_CONTRACT_RESERVE_YOY,None
INTANGIBLE_ASSET_YOY,44.9058782088
INTEREST_PAYABLE_YOY,None
INTEREST_RECE_YOY,1612.2492477432
INTERNAL_PAYABLE_YOY,None
INTERNAL_RECE_YOY,None
INVENTORY_YOY,38.0885706552
INVEST_REALESTATE_YOY,-7.1292866468
LEASE_LIAB_YOY,67.8304869285
LEND_FUND_YOY,None
LIAB_BALANCE_YOY,None
LIAB_EQUITY_BALANCE_YOY,None
LIAB_EQUITY_OTHER_YOY,None
LIAB_OTHER_YOY,None
LOAN_ADVANCE_YOY,None
LOAN_PBC_YOY,None
LONG_EQUITY_INVEST_YOY,44.6322152347
LONG_LOAN_YOY,-40.7037946166
LONG_PAYABLE_YOY,None
LONG_PREPAID_EXPENSE_YOY,15.2347644914
LONG_RECE_YOY,-35.1737175144
LONG_STAFFSALARY_PAYABLE_YOY,None
MINORITY_EQUITY_YOY,21.0419020011
MONETARYFUNDS_YOY,249.3042035911
NONCURRENT_ASSET_1YEAR_YOY,-1.5338333121
NONCURRENT_ASSET_BALANCE_YOY,None
NONCURRENT_ASSET_OTHER_YOY,None
NONCURRENT_LIAB_1YEAR_YOY,13.7652705902
NONCURRENT_LIAB_BALANCE_YOY,None
NONCURRENT_LIAB_OTHER_YOY,None
NOTE_ACCOUNTS_PAYABLE_YOY,55.0650277458
NOTE_ACCOUNTS_RECE_YOY,-12.0465245568
NOTE_PAYABLE_YOY,-17.8611881608
NOTE_RECE_YOY,None
OIL_GAS_ASSET_YOY,None
OTHER_COMPRE_INCOME_YOY,77.6905978787
OTHER_CREDITOR_INVEST_YOY,None
OTHER_CURRENT_ASSET_YOY,16.5807253638
OTHER_CURRENT_LIAB_YOY,148.9429512377
OTHER_EQUITY_INVEST_YOY,105.1881584136
OTHER_EQUITY_OTHER_YOY,None
OTHER_EQUITY_TOOL_YOY,None
OTHER_NONCURRENT_ASSET_YOY,11448.7599037069
OTHER_NONCURRENT_FINASSET_YOY,-17.8745928339
OTHER_NONCURRENT_LIAB_YOY,40.7348088533
OTHER_PAYABLE_YOY,None
OTHER_RECE_YOY,None
PARENT_EQUITY_BALANCE_YOY,None
PARENT_EQUITY_OTHER_YOY,None
PERPETUAL_BOND_PAYBALE_YOY,None
PERPETUAL_BOND_YOY,None
PREDICT_CURRENT_LIAB_YOY,21.5029331677
PREDICT_LIAB_YOY,None
PREFERRED_SHARES_PAYBALE_YOY,None
PREFERRED_SHARES_YOY,None
PREMIUM_RECE_YOY,None
PREPAYMENT_YOY,181.1592462207
PRODUCTIVE_BIOLOGY_ASSET_YOY,None
PROJECT_MATERIAL_YOY,None
RC_RESERVE_RECE_YOY,None
REINSURE_PAYABLE_YOY,None
REINSURE_RECE_YOY,None
SELL_REPO_FINASSET_YOY,None
SETTLE_EXCESS_RESERVE_YOY,None
SHARE_CAPITAL_YOY,6.707859522
SHORT_BOND_PAYABLE_YOY,None
SHORT_FIN_PAYABLE_YOY,None
SHORT_LOAN_YOY,-37.7809226319
SPECIAL_PAYABLE_YOY,None
SPECIAL_RESERVE_YOY,153.7689672051
STAFF_SALARY_PAYABLE_YOY,20.9631853423
SUBSIDY_RECE_YOY,None
SURPLUS_RESERVE_YOY,12.6067936065
TAX_PAYABLE_YOY,-4.2911971388
TOTAL_ASSETS_YOY,47.1416221889
TOTAL_CURRENT_ASSETS_YOY,48.8374403287
TOTAL_CURRENT_LIAB_YOY,60.953512885
TOTAL_EQUITY_YOY,61.7344948744
TOTAL_LIAB_EQUITY_YOY,47.1416221889
TOTAL_LIABILITIES_YOY,40.2542155344
TOTAL_NONCURRENT_ASSETS_YOY,45.024887037
TOTAL_NONCURRENT_LIAB_YOY,-32.8570447673
TOTAL_OTHER_PAYABLE_YOY,345.5787293473
TOTAL_OTHER_RECE_YOY,34.2695153452
TOTAL_PARENT_EQUITY_YOY,67.1575992337
TRADE_FINASSET_NOTFVTPL_YOY,23358450
TRADE_FINASSET_YOY,None
TRADE_FINLIAB_NOTFVTPL_YOY,None
TRADE_FINLIAB_YOY,None
TREASURY_SHARES_YOY,None
UNASSIGN_RPOFIT_YOY,8.1751126365
UNCONFIRM_INVEST_LOSS_YOY,None
USERIGHT_ASSET_YOY,66.3484343031
OPINION_TYPE,标准无保留意见
OSOPINION_TYPE,None
LISTING_STATE,0
