日期,开盘,收盘,最高,最低,成交量,成交额,振幅,涨跌幅,涨跌额,换手率
2022-06-06,98.56,103.30,104.05,98.08,294757,9260502528.00,6.12,5.87,5.73,2.53
2022-06-07,103.23,102.19,103.85,100.93,200221,6296538112.00,2.83,-1.07,-1.11,1.72
2022-06-08,103.43,106.36,106.58,101.56,290513,9321932800.00,4.91,4.08,4.17,2.49
2022-06-09,108.57,104.70,108.83,104.23,307542,10050640384.00,4.32,-1.56,-1.66,2.64
2022-06-10,104.39,113.49,113.89,104.25,438249,14790622464.00,9.21,8.40,8.79,3.76
2022-06-13,112.56,113.49,116.85,110.76,360681,12573534208.00,5.37,0.00,0.00,3.10
2022-06-14,111.23,111.76,112.16,106.30,404789,13634616576.00,5.16,-1.52,-1.73,3.48
2022-06-15,111.88,108.89,112.64,108.07,303948,10285857792.00,4.09,-2.57,-2.87,2.61
2022-06-16,109.06,109.23,111.46,108.36,190172,6410739456.00,2.85,0.31,0.34,1.63
2022-06-17,107.26,109.89,110.96,106.25,262148,8830738944.00,4.31,0.60,0.66,2.25
2022-06-20,109.92,111.29,113.45,108.90,245416,8405361664.00,4.14,1.27,1.40,2.11
2022-06-21,110.48,110.89,111.16,107.96,197827,6666969600.00,2.88,-0.36,-0.40,1.70
2022-06-22,111.37,110.52,113.10,109.89,186788,6412052224.00,2.89,-0.33,-0.37,1.60
2022-06-23,112.13,115.06,115.24,109.89,323142,11251776000.00,4.84,4.11,4.54,2.77
2022-06-24,114.89,114.24,115.99,112.56,235984,8273168128.00,2.98,-0.71,-0.82,2.03
2022-06-27,114.58,113.79,116.23,113.34,217155,7630684928.00,2.53,-0.39,-0.45,1.86
2022-06-28,112.89,114.86,116.83,111.46,269635,9447959040.00,4.72,0.94,1.07,2.31
2022-06-29,113.89,107.76,113.89,107.72,361146,12246017280.00,5.37,-6.18,-7.10,3.10
2022-06-30,107.56,108.39,110.34,107.23,220145,7372602880.00,2.89,0.58,0.63,1.89
2022-07-01,107.95,106.96,108.23,103.93,234113,7658689280.00,3.97,-1.32,-1.43,2.01
2022-07-04,107.89,109.28,109.96,107.29,209512,7020823808.00,2.50,2.17,2.32,1.80
2022-07-05,109.56,108.52,110.76,107.09,173757,5819208192.00,3.36,-0.70,-0.76,1.49
2022-07-06,108.49,109.26,110.76,107.89,183434,6179119616.00,2.64,0.68,0.74,1.57
2022-07-07,109.79,113.69,114.54,108.35,304649,10511816704.00,5.67,4.05,4.43,2.62
2022-07-08,113.69,109.89,114.52,109.89,190478,6547698944.00,4.07,-3.34,-3.80,1.64
2022-07-11,109.19,105.33,109.19,103.52,254317,8284856832.00,5.16,-4.15,-4.56,2.18
2022-07-12,103.89,100.23,104.23,97.25,450515,13935271930.66,6.63,-4.84,-5.10,3.87
2022-07-13,100.23,100.52,101.84,96.15,341067,10439432846.37,5.68,0.29,0.29,2.93
2022-07-14,100.20,104.89,104.89,99.56,272489,8631732044.24,5.30,4.35,4.37,2.34
2022-07-15,108.89,109.96,113.86,108.23,444508,15284697866.33,5.37,4.83,5.07,3.82
2022-07-18,112.23,109.59,112.56,106.56,238912,8007559906.57,5.46,-0.34,-0.37,2.05
2022-07-19,109.59,107.59,109.59,106.43,158180,5239778187.42,2.88,-1.82,-2.00,1.36
2022-07-20,108.22,107.79,108.51,106.92,103263,3425066981.27,1.48,0.19,0.20,0.89
2022-07-21,106.89,105.39,107.56,104.87,132003,4303073903.06,2.50,-2.23,-2.40,1.13
2022-07-22,105.90,107.10,108.78,105.89,141774,4687025063.19,2.74,1.62,1.71,1.22
2022-07-25,105.89,104.88,106.23,103.89,115017,3705167359.35,2.18,-2.07,-2.22,0.99
2022-07-26,104.72,105.56,106.45,103.89,107656,3493834391.48,2.44,0.65,0.68,0.92
2022-07-27,105.23,105.83,107.16,104.23,91056,2961812248.59,2.78,0.26,0.27,0.78
2022-07-28,106.90,105.70,107.71,105.23,109065,3572559081.57,2.34,-0.12,-0.13,0.94
2022-07-29,104.93,104.05,106.53,103.25,114854,3695131506.07,3.10,-1.56,-1.65,0.99
2022-08-01,103.26,107.44,107.96,102.70,187584,6141512246.28,5.06,3.26,3.39,1.61
2022-08-02,105.56,106.13,107.42,104.36,156643,5110091377.52,2.85,-1.22,-1.31,1.34
2022-08-03,106.16,104.59,108.88,103.56,188723,6197191078.22,5.01,-1.45,-1.54,1.62
2022-08-04,106.60,106.20,107.75,104.63,186637,6098858888.61,2.98,1.54,1.61,1.60
2022-08-05,107.26,105.43,107.89,103.36,157564,5115620394.38,4.27,-0.73,-0.77,1.35
2022-08-08,104.63,104.38,105.56,103.60,129488,4158491944.20,1.86,-1.00,-1.05,1.11
2022-08-09,104.32,103.84,105.20,103.31,116107,3719885520.15,1.81,-0.52,-0.54,1.00
2022-08-10,103.83,100.05,103.83,98.93,258499,7998810820.76,4.72,-3.65,-3.79,2.22
2022-08-11,101.07,102.27,102.56,99.13,165445,5159742999.32,3.43,2.22,2.22,1.42
2022-08-12,102.27,101.24,102.69,100.60,101338,3165436406.24,2.04,-1.01,-1.03,0.87
2022-08-15,101.33,102.33,103.67,101.00,135119,4265356111.56,2.64,1.08,1.09,1.16
2022-08-16,102.53,103.57,104.56,102.43,157243,5029761317.39,2.08,1.21,1.24,1.35
2022-08-17,103.93,106.57,107.13,102.84,210871,6808620193.78,4.14,2.90,3.00,1.81
2022-08-18,106.26,105.94,107.26,105.21,142790,4659424798.77,1.92,-0.59,-0.63,1.23
2022-08-19,105.61,103.73,106.41,102.93,124289,3993178339.90,3.28,-2.09,-2.21,1.07
2022-08-22,102.60,104.96,105.96,101.34,147668,4747212897.21,4.45,1.19,1.23,1.27
2022-08-23,105.26,104.47,105.78,103.59,93000,2989844194.59,2.09,-0.47,-0.49,0.80
2022-08-24,104.49,100.43,104.92,100.36,186783,5854016197.05,4.36,-3.87,-4.04,1.60
2022-08-25,100.45,100.46,100.96,98.15,140221,4308297636.81,2.80,0.03,0.03,1.20
2022-08-26,101.59,102.51,103.24,100.60,122127,3849213721.03,2.63,2.04,2.05,1.05
2022-08-29,101.82,101.78,102.89,101.09,85912,2696123150.78,1.76,-0.71,-0.73,0.74
2022-08-30,102.43,100.88,103.43,100.60,110247,3454778559.87,2.78,-0.88,-0.90,0.95
2022-08-31,94.26,93.26,96.13,91.93,408060,11841919126.44,4.16,-7.55,-7.62,3.50
2022-09-01,92.26,92.83,95.46,91.94,192582,5566420144.72,3.77,-0.46,-0.43,1.65
2022-09-02,93.50,91.26,93.80,89.96,161662,4561284361.67,4.14,-1.69,-1.57,1.39
2022-09-05,86.93,86.85,87.56,84.30,351208,9364600412.10,3.57,-4.83,-4.41,3.02
2022-09-06,86.85,88.24,88.75,86.33,189903,5154529157.93,2.79,1.60,1.39,1.63
2022-09-07,87.93,91.50,92.28,87.46,190873,5345727757.12,5.46,3.69,3.26,1.64
2022-09-08,91.60,90.02,92.26,89.60,116429,3267426058.84,2.91,-1.62,-1.48,1.00
2022-09-09,90.93,90.50,91.09,89.59,76098,2125233636.10,1.67,0.53,0.48,0.65
2022-09-13,91.26,92.20,92.83,90.39,111524,3162351106.79,2.70,1.88,1.70,0.96
2022-09-14,91.26,90.04,91.86,89.35,105151,2935617132.72,2.72,-2.34,-2.16,0.90
2022-09-15,90.60,87.10,90.76,86.23,152395,4126260384.99,5.03,-3.27,-2.94,1.31
2022-09-16,86.60,85.92,87.75,85.38,104476,2797971959.02,2.72,-1.35,-1.18,0.90
2022-09-19,86.60,87.38,88.56,86.16,110950,3006108121.18,2.79,1.70,1.46,0.95
2022-09-20,88.53,88.67,89.76,87.93,111245,3058894058.59,2.09,1.48,1.29,0.96
2022-09-21,87.86,87.26,88.13,86.26,83754,2258898397.52,2.11,-1.59,-1.41,0.72
2022-09-22,86.43,86.78,87.06,84.36,92800,2468839436.32,3.09,-0.55,-0.48,0.80
2022-09-23,86.29,86.06,87.19,85.36,79644,2125444094.97,2.11,-0.83,-0.72,0.68
2022-09-26,86.06,88.25,89.26,85.12,143606,3911414126.97,4.81,2.54,2.19,1.23
2022-09-27,88.25,88.58,88.87,87.28,83096,2262822665.47,1.80,0.37,0.33,0.71
2022-09-28,88.26,85.80,88.26,85.76,85620,2293531516.44,2.82,-3.14,-2.78,0.74
2022-09-29,87.26,85.45,87.86,85.26,88357,2355802795.76,3.03,-0.41,-0.35,0.76
2022-09-30,84.93,81.27,85.11,80.26,214036,5421385039.32,5.68,-4.89,-4.18,1.84
2022-10-10,81.35,81.00,82.73,80.41,117479,2967008053.90,2.85,-0.33,-0.27,1.01
2022-10-11,81.26,82.27,83.06,80.37,132820,3370369988.09,3.32,1.57,1.27,1.14
2022-10-12,81.93,84.71,85.01,80.58,144871,3708582158.11,5.38,2.97,2.44,1.24
2022-10-13,83.93,83.32,84.93,83.29,96187,2497932932.31,1.94,-1.64,-1.39,0.83
2022-10-14,84.62,85.44,86.96,83.91,145695,3854443048.81,3.66,2.54,2.12,1.25
2022-10-17,84.93,84.15,84.93,82.83,109678,2842978644.52,2.46,-1.51,-1.29,0.94
2022-10-18,90.26,88.49,90.26,88.10,244142,6717206760.96,2.57,5.16,4.34,2.10
2022-10-19,88.49,86.43,89.41,86.22,134004,3642369173.85,3.60,-2.33,-2.06,1.15
2022-10-20,85.26,85.10,85.79,83.06,128417,3355270263.24,3.16,-1.54,-1.33,1.10
2022-10-21,85.10,86.03,87.56,84.60,104786,2794657481.96,3.48,1.09,0.93,0.90
2022-10-24,85.56,82.45,86.03,81.79,167413,4324097663.28,4.93,-4.16,-3.58,1.44
2022-10-25,81.60,83.23,84.13,80.61,113243,2897739554.19,4.27,0.95,0.78,0.97
2022-10-26,83.93,83.22,85.28,82.36,126415,3279130695.61,3.51,-0.01,-0.01,1.09
2022-10-27,83.59,82.26,84.17,82.26,97766,2516238985.32,2.30,-1.15,-0.96,0.84
2022-10-28,81.60,77.23,81.60,75.87,263164,6372054067.38,6.97,-6.11,-5.03,2.26
2022-10-31,76.43,79.49,80.93,76.30,187942,4625511532.23,6.00,2.93,2.26,1.61
2022-11-01,79.63,84.54,84.66,79.60,219283,5620272304.03,6.37,6.35,5.05,1.88
2022-11-02,84.26,86.45,87.80,83.38,187319,4980989814.63,5.23,2.26,1.91,1.61
2022-11-03,85.60,86.59,87.85,85.30,102384,2747240766.43,2.95,0.16,0.14,0.88
2022-11-04,86.92,90.66,91.60,86.60,224887,6270505264.36,5.77,4.70,4.07,1.93
2022-11-07,88.93,90.22,91.27,88.26,135842,3781158419.50,3.32,-0.49,-0.44,1.17
2022-11-08,90.41,89.40,91.46,88.43,105634,2925766812.00,3.36,-0.91,-0.82,0.91
2022-11-09,89.98,87.14,90.22,86.81,111946,3038705770.15,3.81,-2.53,-2.26,0.96
2022-11-10,85.47,84.02,85.59,82.53,155497,4039239830.46,3.51,-3.58,-3.12,1.34
2022-11-11,87.43,86.86,88.25,85.65,166100,4467701122.29,3.09,3.38,2.84,1.43
2022-11-14,87.01,85.19,88.11,84.85,115237,3071390410.29,3.75,-1.92,-1.67,0.99
2022-11-15,85.26,86.26,86.70,83.96,112848,2985500713.78,3.22,1.26,1.07,0.97
2022-11-16,85.86,84.29,86.13,83.96,103549,2719934793.35,2.52,-2.28,-1.97,0.89
2022-11-17,83.90,82.93,83.90,81.79,111261,2842104512.80,2.50,-1.61,-1.36,0.96
2022-11-18,83.19,82.16,83.78,81.76,101184,2595461705.13,2.44,-0.93,-0.77,0.87
2022-11-21,81.54,82.00,82.13,80.10,82515,2082807824.60,2.47,-0.19,-0.16,0.71
2022-11-22,82.26,80.76,82.35,80.60,80146,2013576333.06,2.13,-1.51,-1.24,0.69
2022-11-23,80.76,81.10,81.10,79.66,88469,2209509305.64,1.78,0.42,0.34,0.76
2022-11-24,81.71,80.39,82.26,80.02,85314,2137710347.92,2.76,-0.88,-0.71,0.73
2022-11-25,80.26,78.95,80.26,78.93,87822,2160628974.42,1.65,-1.79,-1.44,0.75
2022-11-28,77.26,78.97,78.97,76.34,99109,2387430972.84,3.33,0.03,0.02,0.85
2022-11-29,79.36,80.03,80.49,78.26,123581,3051509362.17,2.82,1.34,1.06,1.06
2022-11-30,80.05,83.77,83.93,79.42,212873,5434244562.94,5.64,4.67,3.74,1.83
2022-12-01,86.60,86.15,87.58,85.57,257986,6927128718.24,2.40,2.84,2.38,2.21
2022-12-02,85.57,84.62,86.45,84.09,116075,3062453851.98,2.74,-1.78,-1.53,1.00
2022-12-05,85.91,85.05,86.46,84.56,105233,2776465998.91,2.25,0.51,0.43,0.90
2022-12-06,84.11,86.46,87.81,83.93,123007,3283672654.46,4.56,1.66,1.41,1.06
2022-12-07,86.48,88.51,90.02,86.48,192666,5284876702.79,4.09,2.37,2.05,1.65
2022-12-08,88.51,88.69,88.93,87.55,94581,2587392485.85,1.56,0.20,0.18,0.81
2022-12-09,89.09,88.83,89.83,87.75,100992,2768392889.38,2.35,0.16,0.14,0.87
2022-12-12,87.92,87.22,88.42,86.60,80128,2168695196.08,2.05,-1.81,-1.61,0.69
2022-12-13,87.93,87.20,88.93,87.10,61384,1667300817.76,2.10,-0.02,-0.02,0.53
2022-12-14,87.07,86.06,87.08,85.13,94365,2507895816.83,2.24,-1.31,-1.14,0.81
2022-12-15,86.04,87.75,88.02,85.10,97123,2610706543.72,3.39,1.96,1.69,0.83
2022-12-16,87.29,87.43,87.72,86.45,56197,1512400641.37,1.45,-0.36,-0.32,0.48
2022-12-19,86.93,86.10,88.93,85.80,84039,2264390154.86,3.58,-1.52,-1.33,0.72
2022-12-20,85.90,84.46,85.90,83.49,84908,2218820934.70,2.80,-1.90,-1.64,0.73
2022-12-21,84.46,84.20,84.88,83.80,41966,1095313221.68,1.28,-0.31,-0.26,0.36
2022-12-22,84.93,83.66,85.10,83.43,59210,1543323319.10,1.98,-0.64,-0.54,0.51
2022-12-23,82.63,81.32,82.73,80.76,90819,2294101017.91,2.35,-2.80,-2.34,0.78
2022-12-26,81.33,84.74,85.10,81.33,93548,2430254724.83,4.64,4.21,3.42,0.80
2022-12-27,85.08,84.64,85.26,83.86,55537,1453871979.26,1.65,-0.12,-0.10,0.48
2022-12-28,83.10,82.14,83.66,81.60,102564,2612261022.46,2.43,-2.95,-2.50,0.88
2022-12-29,81.93,82.18,83.55,81.31,72256,1841122253.64,2.73,0.05,0.04,0.62
2022-12-30,83.43,82.92,84.05,82.77,74890,1931977379.46,1.56,0.90,0.74,0.64
2023-01-03,82.73,84.09,84.57,80.60,121374,3108609040.59,4.79,1.41,1.17,1.04
2023-01-04,83.93,83.63,84.09,82.76,72675,1881537611.89,1.58,-0.55,-0.46,0.62
2023-01-05,84.77,85.62,86.46,84.28,118936,3143084205.35,2.61,2.38,1.99,1.02
2023-01-06,86.57,86.00,87.66,85.63,138855,3726792588.77,2.37,0.44,0.38,1.19
2023-01-09,86.60,85.06,86.60,84.69,114169,3020383479.88,2.22,-1.09,-0.94,0.98
2023-01-10,84.61,86.13,87.12,83.03,173513,4568518534.90,4.81,1.26,1.07,1.49
2023-01-11,85.56,86.93,87.60,84.40,128364,3429408754.48,3.72,0.93,0.80,1.10
2023-01-12,87.77,89.70,92.08,87.50,223479,6213489747.34,5.27,3.19,2.77,1.92
2023-01-13,89.73,90.12,90.57,88.93,128411,3556565563.29,1.83,0.47,0.42,1.10
2023-01-16,90.12,88.53,90.19,87.93,165000,4536354778.25,2.51,-1.76,-1.59,1.42
2023-01-17,88.53,87.26,88.76,86.91,111666,3020383061.27,2.09,-1.43,-1.27,0.96
2023-01-18,87.21,86.93,88.10,86.09,86108,2315435132.64,2.30,-0.38,-0.33,0.74
2023-01-19,86.56,87.43,87.55,86.10,81239,2185520061.14,1.67,0.58,0.50,0.70
2023-01-20,87.60,87.29,87.89,86.27,104649,2819530181.01,1.85,-0.16,-0.14,0.90
2023-01-30,92.26,91.26,93.26,90.93,281854,8014418507.92,2.67,4.55,3.97,2.42
2023-01-31,92.26,92.53,93.53,90.73,187110,5339962478.48,3.07,1.39,1.27,1.61
2023-02-01,93.26,98.71,98.71,92.64,272987,8144001077.42,6.56,6.68,6.18,2.34
2023-02-02,99.22,98.14,99.31,97.25,148030,4485489933.08,2.09,-0.58,-0.57,1.27
2023-02-03,97.25,95.60,97.25,94.86,152948,4517779880.13,2.44,-2.59,-2.54,1.31
2023-02-06,94.49,93.92,94.49,93.13,100447,2906251550.27,1.42,-1.76,-1.68,0.86
2023-02-07,94.59,93.60,94.76,93.13,76835,2223584357.90,1.74,-0.34,-0.32,0.66
2023-02-08,93.60,92.48,93.60,91.53,92901,2653105085.39,2.21,-1.20,-1.12,0.80
2023-02-09,91.93,93.37,93.54,91.36,90649,2602093563.52,2.36,0.96,0.89,0.78
2023-02-10,92.56,91.22,92.56,90.60,129708,3659502383.76,2.10,-2.30,-2.15,1.11
2023-02-13,90.27,91.37,91.69,89.62,93461,2628940179.13,2.27,0.16,0.15,0.80
2023-02-14,91.93,91.25,92.10,90.30,73644,2068766543.49,1.97,-0.13,-0.12,0.63
2023-02-15,91.60,90.26,91.90,90.12,90832,2549250813.75,1.95,-1.08,-0.99,0.78
2023-02-16,90.60,89.60,91.19,88.88,103348,2883947589.31,2.56,-0.73,-0.66,0.89
2023-02-17,89.43,87.82,89.96,87.69,100997,2764372531.12,2.53,-1.99,-1.78,0.87
2023-02-20,87.79,88.20,88.36,86.26,130701,3524868434.68,2.39,0.43,0.38,1.12
2023-02-21,87.93,88.85,89.45,87.36,113690,3115649014.03,2.37,0.74,0.65,0.98
2023-02-22,87.90,87.40,88.14,86.90,85088,2301668445.48,1.40,-1.63,-1.45,0.73
2023-02-23,87.23,87.41,87.82,86.76,100358,2705234150.25,1.21,0.01,0.01,0.86
2023-02-24,86.94,86.46,87.22,86.26,66868,1790064871.94,1.10,-1.09,-0.95,0.57
2023-02-27,85.60,83.87,85.89,83.26,169704,4428436083.08,3.04,-3.00,-2.59,1.46
2023-02-28,84.26,84.20,84.60,83.12,120330,3122819223.88,1.76,0.39,0.33,1.03
2023-03-01,84.18,85.76,86.11,83.18,143658,3781045100.69,3.48,1.85,1.56,1.23
2023-03-02,85.97,85.17,86.64,84.60,114905,3043464760.13,2.38,-0.69,-0.59,0.99
2023-03-03,85.59,85.19,85.67,84.62,63982,1686348718.11,1.23,0.02,0.02,0.55
2023-03-06,85.26,85.35,85.47,83.26,112124,2932174904.51,2.59,0.19,0.16,0.96
2023-03-07,85.32,84.16,86.26,84.10,105933,2789608646.13,2.53,-1.39,-1.19,0.91
2023-03-08,83.43,82.93,83.86,82.26,120898,3104294281.17,1.90,-1.46,-1.23,1.04
2023-03-09,82.76,82.62,83.87,81.93,96731,2481897868.20,2.34,-0.37,-0.31,0.83
2023-03-10,81.26,78.31,81.60,78.03,283464,6951755744.42,4.32,-5.22,-4.31,2.43
2023-03-13,77.84,77.43,78.25,76.26,167343,4010230472.09,2.54,-1.12,-0.88,1.44
2023-03-14,77.26,77.26,78.10,74.94,198568,4715842057.42,4.08,-0.22,-0.17,1.70
2023-03-15,77.76,76.80,78.09,76.40,120715,2895736124.32,2.19,-0.60,-0.46,1.04
2023-03-16,75.60,75.53,77.14,75.26,118370,2793057410.90,2.45,-1.65,-1.27,1.02
2023-03-17,76.19,76.57,77.59,75.77,135003,3213067915.67,2.41,1.38,1.04,1.16
2023-03-20,76.57,75.79,77.05,75.46,86323,2041533811.33,2.08,-1.02,-0.78,0.74
2023-03-21,76.23,77.10,77.10,75.53,108873,2585297267.87,2.07,1.73,1.31,0.93
2023-03-22,78.00,78.33,79.79,77.96,155339,3800940795.90,2.37,1.60,1.23,1.33
2023-03-23,78.26,79.09,79.10,77.10,97461,2374450292.86,2.55,0.97,0.76,0.84
2023-03-24,79.10,79.27,79.81,78.43,81018,1990565427.15,1.74,0.23,0.18,0.70
2023-03-27,79.26,78.48,79.26,77.36,92495,2246213086.39,2.40,-1.00,-0.79,0.79
2023-03-28,78.76,78.93,79.15,78.06,81845,1998797290.67,1.39,0.57,0.45,0.70
2023-03-29,79.45,79.83,80.68,79.45,144303,3588758349.33,1.56,1.14,0.90,1.24
2023-03-30,80.60,83.00,83.00,80.60,209267,5317797712.17,3.01,3.97,3.17,1.80
2023-03-31,83.59,82.60,84.22,82.26,167008,4304295451.65,2.36,-0.48,-0.40,1.43
2023-04-03,82.60,82.57,83.34,81.35,133691,3412119592.75,2.41,-0.04,-0.03,1.15
2023-04-04,82.53,80.90,82.53,79.93,137744,3448255050.96,3.15,-2.02,-1.67,1.18
2023-04-06,79.93,80.60,80.89,79.16,81942,2036216982.21,2.14,-0.37,-0.30,0.70
2023-04-07,80.61,80.36,81.31,80.04,68723,1718631440.72,1.58,-0.30,-0.24,0.59
2023-04-10,80.36,80.93,81.00,79.26,98058,2436804938.71,2.17,0.71,0.57,0.84
2023-04-11,81.31,80.54,82.09,80.13,87455,2194591845.30,2.42,-0.48,-0.39,0.75
2023-04-12,80.20,78.40,80.20,78.37,112330,2751446164.00,2.27,-2.66,-2.14,0.96
2023-04-13,77.46,78.20,78.26,76.52,80965,1952037226.04,2.22,-0.26,-0.20,0.70
2023-04-14,78.40,79.28,79.75,78.26,105506,2589957802.96,1.91,1.38,1.08,0.91
2023-04-17,78.93,80.41,80.49,78.67,90394,2244153586.58,2.30,1.43,1.13,0.78
2023-04-18,80.73,80.26,81.32,80.08,78432,1961474846.37,1.54,-0.19,-0.15,0.67
2023-04-19,80.26,80.88,81.66,79.29,111927,2793037791.07,2.95,0.77,0.62,0.96
2023-04-20,80.57,78.94,80.57,78.93,100308,2470721410.23,2.03,-2.40,-1.94,0.86
2023-04-21,78.76,78.26,80.25,78.26,104052,2553937672.05,2.52,-0.86,-0.68,0.89
2023-04-24,78.63,81.76,83.46,78.32,267017,6747607047.40,6.57,4.47,3.50,2.29
2023-04-25,80.93,78.70,81.20,78.00,187419,4589549733.20,3.91,-3.74,-3.06,1.61
2023-04-26,78.26,80.93,82.11,77.60,174492,4353221179.83,5.73,2.83,2.23,1.50
2023-04-27,80.60,83.57,83.59,80.45,242464,6228404692.62,3.88,3.26,2.64,2.08
2023-04-28,84.42,82.55,84.92,81.93,191945,4933612984.11,3.58,-1.22,-1.02,1.65
2023-05-04,82.26,81.44,83.13,81.06,118124,3002183826.95,2.51,-1.34,-1.11,1.01
2023-05-05,81.45,80.62,81.86,79.91,102440,2560075787.17,2.39,-1.01,-0.82,0.88
2023-05-08,81.60,81.94,83.63,81.44,121626,3104234523.95,2.72,1.64,1.32,1.04
2023-05-09,80.61,80.63,81.72,80.26,89885,2253697878.87,1.78,-1.60,-1.31,0.77
2023-05-10,80.93,83.86,84.66,80.33,253691,6542224182.82,5.37,4.01,3.23,2.18
2023-05-11,84.19,85.18,87.20,83.49,214237,5669565807.84,4.42,1.57,1.32,1.84
2023-05-12,85.93,83.96,86.68,83.77,104574,2750523183.88,3.42,-1.43,-1.22,0.90
2023-05-15,83.96,85.56,86.11,83.50,136926,3615695775.88,3.11,1.91,1.60,1.18
2023-05-16,85.39,85.64,86.40,85.00,81639,2162966660.80,1.64,0.09,0.08,0.70
2023-05-17,85.59,84.26,85.86,83.60,89556,2336687603.08,2.64,-1.61,-1.38,0.77
2023-05-18,84.70,83.62,85.22,82.78,100697,2610927790.57,2.90,-0.76,-0.64,0.86
2023-05-19,83.32,83.66,84.24,82.70,60106,1557739695.36,1.84,0.05,0.04,0.52
2023-05-22,84.24,85.63,85.93,82.96,120165,3160916356.91,3.55,2.35,1.97,1.03
2023-05-23,85.61,84.91,86.22,84.91,90619,2401159868.83,1.53,-0.84,-0.72,0.78
2023-05-24,84.46,84.57,85.60,83.77,68093,1787131273.37,2.16,-0.40,-0.34,0.58
2023-05-25,84.58,82.46,85.21,82.31,132079,3413072493.97,3.43,-2.49,-2.11,1.13
2023-05-26,81.60,79.59,81.60,78.20,185813,4583193890.32,4.12,-3.48,-2.87,1.60
2023-05-29,80.60,78.91,80.78,77.93,124723,3051361332.85,3.58,-0.85,-0.68,1.07
2023-05-30,79.25,81.33,82.26,79.21,166881,4201064907.25,3.87,3.07,2.42,1.43
2023-05-31,81.33,81.82,82.23,80.48,118381,2995495153.94,2.15,0.60,0.49,1.02
2023-06-01,81.82,82.41,83.22,81.67,86736,2217698925.98,1.89,0.72,0.59,0.74
2023-06-02,83.22,83.62,83.79,82.46,110680,2854069098.12,1.61,1.47,1.21,0.95
2023-06-05,83.60,83.37,83.62,81.15,104795,2682476683.90,2.95,-0.30,-0.25,0.90
2023-06-06,83.25,84.22,85.60,82.66,128981,3371155484.97,3.53,1.02,0.85,1.11
2023-06-07,84.60,82.78,85.08,82.43,100490,2598158541.15,3.15,-1.71,-1.44,0.86
2023-06-08,82.66,82.26,83.54,82.09,64454,1650438581.60,1.75,-0.63,-0.52,0.55
2023-06-09,83.53,83.26,83.63,81.43,107484,2753073834.57,2.67,1.22,1.00,0.92
2023-06-12,82.76,84.10,84.93,82.43,102891,2682484319.81,3.00,1.01,0.84,0.88
2023-06-13,84.10,84.34,84.60,82.97,81511,2117925895.65,1.94,0.29,0.24,0.70
2023-06-14,84.82,84.93,85.73,84.43,125776,3318766725.93,1.54,0.70,0.59,1.08
2023-06-15,85.10,87.89,88.93,85.03,243961,6622887119.05,4.59,3.49,2.96,2.09
2023-06-16,88.55,87.62,89.22,87.26,152297,4146755899.36,2.23,-0.31,-0.27,1.31
2023-06-19,87.62,87.00,88.93,86.56,123565,3342857528.61,2.70,-0.71,-0.62,1.06
2023-06-20,86.93,86.68,87.00,85.56,102366,2734002024.93,1.66,-0.37,-0.32,0.88
2023-06-21,86.27,86.52,88.36,86.01,107812,2906861071.14,2.71,-0.18,-0.16,0.93
2023-06-26,84.74,84.89,86.83,84.70,101512,2681452521.69,2.46,-1.88,-1.63,0.87
2023-06-27,84.60,83.95,85.21,82.96,99029,2570404963.75,2.65,-1.11,-0.94,0.85
2023-06-28,83.93,84.01,84.76,83.30,57270,1489543300.79,1.74,0.07,0.06,0.49
2023-06-29,84.01,82.50,84.19,82.34,83485,2148587117.07,2.20,-1.80,-1.51,0.72
2023-06-30,81.97,83.35,83.93,81.83,75724,1952424866.32,2.55,1.03,0.85,0.65
2023-07-03,83.56,86.42,87.02,83.56,162565,4313305226.43,4.15,3.68,3.07,1.40
2023-07-04,86.76,87.76,88.93,86.10,157120,4271284305.32,3.27,1.55,1.34,1.35
2023-07-05,87.77,86.26,88.09,85.83,93033,2493339683.16,2.58,-1.71,-1.50,0.80
2023-07-06,86.26,86.63,87.93,86.20,83712,2249759122.78,2.01,0.43,0.37,0.72
2023-07-07,86.26,85.40,86.48,85.30,62192,1650354364.44,1.36,-1.42,-1.23,0.53
2023-07-10,86.26,85.11,87.10,84.85,68878,1824432454.29,2.63,-0.34,-0.29,0.59
2023-07-11,85.60,87.04,87.49,85.20,102405,2744333128.69,2.69,2.27,1.93,0.88
2023-07-12,87.43,85.80,87.65,85.48,87032,2328017075.51,2.49,-1.42,-1.24,0.75
2023-07-13,86.43,86.54,87.10,85.60,82753,2213414441.05,1.75,0.86,0.74,0.71
2023-07-14,86.53,85.40,86.53,85.10,102722,2718639360.54,1.65,-1.32,-1.14,0.88
2023-07-17,86.26,85.43,86.26,84.71,78927,2086663750.62,1.81,0.04,0.03,0.68
2023-07-18,85.68,85.76,86.45,84.10,98456,2603934532.06,2.75,0.39,0.33,0.85
2023-07-19,85.76,85.54,85.90,84.84,50250,1328126186.90,1.24,-0.26,-0.22,0.43
2023-07-20,85.76,85.58,87.10,85.26,91271,2434017185.02,2.15,0.05,0.04,0.78
2023-07-21,85.26,85.37,85.53,84.45,75287,1979318622.20,1.26,-0.25,-0.21,0.65
2023-07-24,84.27,83.10,84.85,83.09,95950,2491708305.58,2.06,-2.66,-2.27,0.82
2023-07-25,84.82,85.46,86.26,84.81,173883,4604657751.54,1.74,2.84,2.36,1.49
2023-07-26,85.18,84.63,85.18,84.13,65865,1723363551.36,1.23,-0.97,-0.83,0.57
2023-07-27,85.43,84.47,85.85,84.20,112651,2962230531.88,1.95,-0.19,-0.16,0.97
2023-07-28,84.31,86.64,86.86,83.72,173308,4584230665.56,3.72,2.57,2.17,1.49
2023-07-31,87.64,88.31,89.84,87.60,215060,5874722582.93,2.59,1.93,1.67,1.85
2023-08-01,88.23,87.14,88.56,86.48,120340,3239067594.49,2.36,-1.32,-1.17,1.03
2023-08-02,87.88,86.98,88.31,86.43,87394,2346829431.29,2.16,-0.18,-0.16,0.75
2023-08-03,86.74,87.05,87.14,86.15,66170,1766952896.19,1.14,0.08,0.07,0.57
2023-08-04,87.31,87.08,87.67,86.53,88053,2358257628.14,1.31,0.03,0.03,0.76
2023-08-07,86.95,86.64,86.95,86.04,64204,1710317723.01,1.05,-0.51,-0.44,0.55
2023-08-08,86.04,85.41,86.48,85.15,91712,2419517104.52,1.54,-1.42,-1.23,0.79
2023-08-09,84.98,85.28,85.48,84.39,72499,1897124687.56,1.28,-0.15,-0.13,0.62
2023-08-10,85.31,85.21,85.93,84.56,60016,1575799641.46,1.61,-0.08,-0.07,0.52
2023-08-11,85.21,84.06,85.21,83.98,86125,2242256361.19,1.44,-1.35,-1.15,0.74
2023-08-14,82.64,79.58,83.31,78.81,252890,6237439722.00,5.35,-5.33,-4.48,2.17
2023-08-15,79.58,79.16,79.69,78.28,115021,2804377792.91,1.77,-0.53,-0.42,0.99
2023-08-16,78.74,79.04,79.48,78.38,79979,1953463841.64,1.39,-0.15,-0.12,0.69
2023-08-17,78.77,79.65,79.76,77.78,86836,2118628433.05,2.51,0.77,0.61,0.75
2023-08-18,79.50,77.74,79.50,77.64,98467,2385483842.91,2.34,-2.40,-1.91,0.85
2023-08-21,77.58,75.78,77.60,75.66,127879,3022536162.14,2.50,-2.52,-1.96,1.10
2023-08-22,76.97,75.82,77.14,74.61,112116,2620973083.49,3.34,0.05,0.04,0.96
2023-08-23,75.82,74.34,75.82,74.32,81238,1882331986.32,1.98,-1.95,-1.48,0.70
2023-08-24,74.65,75.94,76.64,74.65,106811,2501734160.95,2.68,2.15,1.60,0.92
2023-08-25,75.40,75.18,75.75,74.81,66775,1554437026.78,1.24,-1.00,-0.76,0.57
2023-08-28,80.31,76.15,80.31,75.73,133527,3189524811.18,6.09,1.29,0.97,1.15
2023-08-29,76.58,79.88,80.14,76.58,213223,5201525920.49,4.67,4.90,3.73,1.83
2023-08-30,80.75,80.91,81.47,80.26,152187,3798606951.32,1.51,1.29,1.03,1.31
2023-08-31,81.15,80.78,81.31,80.31,88734,2214559038.93,1.24,-0.16,-0.13,0.76
2023-09-01,81.98,80.68,82.47,80.31,77772,1949444068.95,2.67,-0.12,-0.10,0.67
2023-09-04,81.51,81.79,81.98,80.60,96512,2427791468.68,1.71,1.38,1.11,0.83
2023-09-05,81.71,80.65,81.71,80.54,74571,1864915960.48,1.43,-1.39,-1.14,0.64
2023-09-06,80.98,81.13,81.74,80.74,65929,1653726026.59,1.24,0.60,0.48,0.57
2023-09-07,81.12,80.44,81.12,80.35,60913,1517662851.65,0.95,-0.85,-0.69,0.52
2023-09-08,79.98,78.99,79.98,78.54,67634,1651599177.69,1.79,-1.80,-1.45,0.58
2023-09-11,78.88,79.98,80.48,78.38,76513,1876707032.36,2.66,1.25,0.99,0.66
2023-09-12,80.54,81.64,82.10,80.01,119532,3004363229.20,2.61,2.08,1.66,1.03
2023-09-13,81.64,81.49,82.40,81.11,91479,2305291959.71,1.58,-0.18,-0.15,0.79
2023-09-14,79.91,78.85,79.96,78.31,152580,3722930909.04,2.02,-3.24,-2.64,1.31
2023-09-15,78.98,79.07,79.92,78.15,82256,2010812283.73,2.24,0.28,0.22,0.71
2023-09-18,79.14,80.10,81.38,79.07,96405,2395846502.98,2.92,1.30,1.03,0.83
2023-09-19,79.64,80.03,80.40,78.91,62397,1533948926.60,1.86,-0.09,-0.07,0.54
2023-09-20,79.31,78.98,79.74,78.98,54497,1332673932.91,0.95,-1.31,-1.05,0.47
2023-09-21,78.64,77.54,78.93,77.16,92965,2232606210.05,2.24,-1.82,-1.44,0.80
2023-09-22,77.48,79.33,79.53,77.14,96764,2356419361.20,3.08,2.31,1.79,0.83
2023-09-25,79.92,79.58,79.97,79.09,64787,1592828380.15,1.11,0.32,0.25,0.56
2023-09-26,79.31,77.14,79.31,77.08,118463,2846103699.66,2.80,-3.07,-2.44,1.02
2023-09-27,77.35,76.92,78.38,76.91,75734,1808518865.65,1.91,-0.29,-0.22,0.65
2023-09-28,77.24,76.54,77.48,76.33,85258,2022931183.51,1.50,-0.49,-0.38,0.73
2023-10-09,76.54,76.97,77.15,74.20,91791,2162900146.90,3.85,0.56,0.43,0.79
2023-10-10,76.96,76.95,77.65,76.64,63937,1524841110.79,1.31,-0.03,-0.02,0.55
2023-10-11,78.30,77.17,78.48,76.98,76684,1838352973.98,1.95,0.29,0.22,0.66
2023-10-12,77.78,79.13,79.48,77.31,139341,3391600251.18,2.81,2.54,1.96,1.20
2023-10-13,78.28,77.76,78.57,77.58,66445,1598611951.89,1.25,-1.73,-1.37,0.57
2023-10-16,77.78,76.81,78.00,76.48,66022,1573224653.24,1.95,-1.22,-0.95,0.57
2023-10-17,76.82,76.98,77.64,76.48,49164,1169236111.59,1.51,0.22,0.17,0.42
2023-10-18,79.51,80.67,81.31,78.98,307863,7646061770.59,3.03,4.79,3.69,2.64
2023-10-19,79.96,77.84,80.30,77.76,147753,3595894522.39,3.15,-3.51,-2.83,1.27
2023-10-20,77.64,77.38,78.24,77.05,85659,2050294970.85,1.53,-0.59,-0.46,0.74
2023-10-23,77.64,77.19,77.64,76.38,73537,1747793907.15,1.63,-0.25,-0.19,0.63
2023-10-24,77.41,76.16,77.81,75.87,110779,2614866693.57,2.51,-1.33,-1.03,0.95
2023-10-25,76.97,76.78,77.65,76.38,83676,1993861827.76,1.67,0.81,0.62,0.72
2023-10-26,76.33,77.18,77.24,76.21,73199,1738279509.52,1.34,0.52,0.40,0.63
2023-10-27,76.98,78.29,78.81,76.82,103206,2490630304.57,2.58,1.44,1.11,0.89
2023-10-30,77.48,79.18,79.31,77.21,117295,2849732929.01,2.68,1.14,0.89,1.01
2023-10-31,78.81,77.16,78.97,76.81,127205,3044814889.04,2.73,-2.55,-2.02,1.09
2023-11-01,76.98,76.38,76.98,76.12,93390,2206820550.57,1.11,-1.01,-0.78,0.80
2023-11-02,76.93,75.91,76.94,75.91,85414,2015702321.15,1.35,-0.62,-0.47,0.73
2023-11-03,76.15,77.19,77.36,75.94,90679,2154652391.25,1.87,1.69,1.28,0.78
2023-11-06,77.81,78.61,78.79,77.64,143548,3472633480.41,1.49,1.84,1.42,1.23
2023-11-07,78.64,77.97,79.08,77.81,94513,2287202177.21,1.62,-0.81,-0.64,0.81
2023-11-08,77.76,77.64,77.93,77.37,80128,1921682141.44,0.72,-0.42,-0.33,0.69
2023-11-09,77.64,77.41,77.89,77.09,73183,1750698708.03,1.03,-0.30,-0.23,0.63
2023-11-10,77.31,76.63,77.31,76.20,81902,1940054002.55,1.43,-1.01,-0.78,0.70
2023-11-13,76.94,76.68,77.04,76.01,69738,1649215950.55,1.34,0.07,0.05,0.60
2023-11-14,76.74,76.85,77.04,76.51,55217,1310694854.05,0.69,0.22,0.17,0.47
2023-11-15,77.61,77.19,77.64,77.08,78692,1881360640.90,0.73,0.44,0.34,0.68
2023-11-16,77.58,77.08,77.58,76.72,61690,1471253077.40,1.11,-0.14,-0.11,0.53
2023-11-17,76.64,76.56,77.17,76.31,59462,1408060177.59,1.12,-0.67,-0.52,0.51
2023-11-20,76.24,75.98,76.48,75.84,76771,1804923944.25,0.84,-0.76,-0.58,0.66
2023-11-21,76.21,75.71,76.54,75.53,82386,1937039109.31,1.33,-0.36,-0.27,0.71
2023-11-22,75.48,74.31,75.48,74.27,105571,2440478826.77,1.60,-1.85,-1.40,0.91
2023-11-23,74.48,73.92,74.74,73.35,105764,2425947586.33,1.87,-0.52,-0.39,0.91
2023-11-24,73.91,69.93,73.91,69.44,280659,6162803841.07,6.05,-5.40,-3.99,2.41
2023-11-27,68.31,67.28,68.31,65.98,215481,4487132026.79,3.33,-3.79,-2.65,1.85
2023-11-28,67.28,67.61,68.23,66.65,122211,2562912238.29,2.35,0.49,0.33,1.05
2023-11-29,67.60,64.97,67.61,64.77,219246,4464902232.03,4.20,-3.90,-2.64,1.88
2023-11-30,64.84,64.03,65.22,63.79,187242,3745049005.82,2.20,-1.45,-0.94,1.61
2023-12-01,64.47,63.33,64.58,61.91,194190,3799477664.21,4.17,-1.09,-0.70,1.67
2023-12-04,63.33,63.11,64.07,62.18,117613,2317283540.30,2.98,-0.35,-0.22,1.01
2023-12-05,63.31,63.09,64.30,62.85,152372,3021632365.00,2.30,-0.03,-0.02,1.31
2023-12-06,63.09,64.71,64.72,62.98,176347,3523669817.72,2.76,2.57,1.62,1.51
2023-12-07,64.71,64.13,64.71,63.41,103169,2051259486.34,2.01,-0.90,-0.58,0.89
2023-12-08,63.99,63.83,64.43,63.75,77700,1547061882.45,1.06,-0.47,-0.30,0.67
2023-12-11,63.23,64.04,64.17,62.52,101086,1989856427.67,2.58,0.33,0.21,0.87
2023-12-12,63.70,63.09,63.89,63.02,79797,1572793711.16,1.36,-1.48,-0.95,0.69
2023-12-13,62.92,61.58,62.92,61.55,117535,2270646820.88,2.17,-2.39,-1.51,1.01
2023-12-14,61.98,61.37,63.04,61.35,92497,1787086925.23,2.74,-0.34,-0.21,0.79
2023-12-15,62.00,62.07,62.44,61.34,101841,1966549057.21,1.79,1.14,0.70,0.87
2023-12-18,61.33,60.66,61.81,60.41,100511,1906643035.57,2.26,-2.27,-1.41,0.86
2023-12-19,60.49,60.31,60.54,59.70,79370,1487629708.83,1.38,-0.58,-0.35,0.68
2023-12-20,60.42,59.27,60.75,59.27,84925,1585187696.77,2.45,-1.72,-1.04,0.73
2023-12-21,58.75,60.87,60.97,58.59,133149,2494208947.45,4.02,2.70,1.60,1.14
2023-12-22,60.94,61.73,62.77,60.32,117998,2267509852.29,4.02,1.41,0.86,1.01
2023-12-25,61.98,61.70,62.38,61.05,53770,1032287275.25,2.15,-0.05,-0.03,0.46
2023-12-26,61.70,61.56,61.70,60.98,41380,790091023.10,1.17,-0.23,-0.14,0.36
2023-12-27,61.98,61.46,62.14,61.21,61364,1174486108.27,1.51,-0.16,-0.10,0.53
2023-12-28,61.32,63.66,63.86,61.20,138778,2722971139.94,4.33,3.58,2.20,1.19
2023-12-29,63.97,63.64,64.24,63.36,80367,1591969845.90,1.38,-0.03,-0.02,0.69
2024-01-02,64.18,61.84,64.18,61.77,113928,2212162400.36,3.79,-2.83,-1.80,0.98
2024-01-03,61.81,62.03,62.27,61.21,84486,1624093056.05,1.71,0.31,0.19,0.73
2024-01-04,62.42,61.98,62.53,61.34,89870,1731882120.20,1.92,-0.08,-0.05,0.77
2024-01-05,61.80,61.87,63.48,61.35,112402,2187835615.06,3.44,-0.18,-0.11,0.97
2024-01-08,61.91,60.78,62.20,60.69,81078,1543893918.74,2.44,-1.76,-1.09,0.70
2024-01-09,61.31,61.93,62.98,61.04,112187,2167747851.79,3.19,1.89,1.15,0.96
2024-01-10,61.54,61.07,62.08,60.84,71416,1364589161.69,2.00,-1.39,-0.86,0.61
2024-01-11,61.04,63.24,63.88,60.58,159862,3120354835.76,5.40,3.55,2.17,1.37
2024-01-12,63.24,62.93,63.73,62.74,87023,1711086655.61,1.57,-0.49,-0.31,0.75
2024-01-15,62.55,62.51,63.31,61.78,70220,1364639692.18,2.43,-0.67,-0.42,0.60
2024-01-16,62.28,62.74,63.16,62.00,83809,1633959522.52,1.86,0.37,0.23,0.72
2024-01-17,62.38,59.91,62.49,59.91,160795,3050944390.44,4.11,-4.51,-2.83,1.38
2024-01-18,59.53,61.14,61.31,59.28,114592,2150839668.13,3.39,2.05,1.23,0.98
2024-01-19,60.81,60.76,61.96,60.54,80905,1540978198.75,2.32,-0.62,-0.38,0.69
2024-01-22,60.60,59.42,61.41,59.16,132240,2487370788.56,3.70,-2.21,-1.34,1.14
2024-01-23,59.31,60.26,60.63,59.08,110726,2072060503.59,2.61,1.41,0.84,0.95
2024-01-24,60.74,60.54,60.93,59.00,96641,1805379382.40,3.20,0.46,0.28,0.83
2024-01-25,60.60,60.94,61.28,59.53,130769,2470818453.07,2.89,0.66,0.40,1.12
2024-01-26,60.64,59.60,60.64,59.48,115855,2160578276.22,1.90,-2.20,-1.34,1.00
2024-01-29,59.61,57.12,59.64,57.08,146043,2647388165.71,4.30,-4.16,-2.48,1.25
2024-01-30,55.34,54.97,56.14,54.41,190761,3296016841.46,3.03,-3.76,-2.15,1.64
2024-01-31,54.67,54.55,56.07,54.42,125368,2155163736.00,3.00,-0.76,-0.42,1.08
2024-02-01,54.31,54.61,55.31,53.76,116651,1996429636.62,2.84,0.11,0.06,1.00
2024-02-02,54.63,53.31,54.94,51.98,147992,2485326236.05,5.42,-2.38,-1.30,1.27
2024-02-05,52.64,53.64,54.90,51.90,186216,3122618402.60,5.63,0.62,0.33,1.60
2024-02-06,52.98,56.27,56.35,52.81,176190,3054635572.85,6.60,4.90,2.63,1.51
2024-02-07,56.73,57.50,58.64,56.34,160094,2880398921.91,4.09,2.19,1.23,1.38
2024-02-08,58.14,58.03,58.76,57.88,119246,2168509150.22,1.53,0.92,0.53,1.02
2024-02-19,58.94,58.81,59.43,58.26,119687,2192419553.49,2.02,1.34,0.78,1.03
2024-02-20,58.81,57.32,58.87,56.64,113357,2023820071.64,3.79,-2.53,-1.49,0.97
2024-02-21,56.68,58.64,59.51,56.53,147693,2700340930.50,5.20,2.30,1.32,1.27
2024-02-22,58.61,58.64,58.86,58.06,80906,1476863326.44,1.36,0.00,0.00,0.69
2024-02-23,58.64,58.54,58.97,57.92,91175,1660682308.43,1.79,-0.17,-0.10,0.78
2024-02-26,59.64,59.64,61.02,59.49,155461,2912982360.47,2.61,1.88,1.10,1.34
2024-02-27,60.13,62.21,62.29,60.04,206343,3958101886.88,3.77,4.31,2.57,1.77
2024-02-28,62.98,60.31,63.15,60.31,168292,3223632042.64,4.57,-3.05,-1.90,1.45
2024-02-29,59.98,61.38,61.51,59.71,122363,2323915656.97,2.98,1.77,1.07,1.05
2024-03-01,61.28,61.70,61.97,60.57,122158,2336111333.57,2.28,0.52,0.32,1.05
2024-03-04,60.98,60.73,61.54,60.34,126865,2401200046.06,1.94,-1.57,-0.97,1.09
2024-03-05,60.14,61.25,61.53,59.48,149624,2826124074.26,3.38,0.86,0.52,1.29
2024-03-06,60.98,61.53,61.97,60.64,100100,1914828108.58,2.17,0.46,0.28,0.86
2024-03-07,61.66,60.61,62.30,60.58,101327,1935953171.65,2.80,-1.50,-0.92,0.87
2024-03-08,60.41,60.34,61.03,60.06,67150,1263993368.05,1.60,-0.45,-0.27,0.58
2024-03-11,60.31,63.89,64.28,60.31,278080,5440726382.81,6.58,5.88,3.55,2.39
2024-03-12,64.64,66.01,66.53,63.57,245029,4958824423.44,4.63,3.32,2.12,2.10
2024-03-13,66.62,66.43,67.78,66.25,177813,3691839468.95,2.32,0.64,0.42,1.53
2024-03-14,67.12,68.34,69.43,67.12,211352,4497086169.98,3.48,2.88,1.91,1.82
2024-03-15,67.64,67.47,68.10,66.37,146628,3057950743.50,2.53,-1.27,-0.87,1.26
2024-03-18,68.26,70.32,70.39,68.18,196982,4250885883.53,3.28,4.22,2.85,1.69
2024-03-19,70.32,69.91,70.93,69.11,146973,3194716172.75,2.59,-0.58,-0.41,1.26
2024-03-20,69.98,70.47,71.24,69.98,96805,2118610339.15,1.80,0.80,0.56,0.83
2024-03-21,70.62,70.63,70.91,69.98,88667,1938901107.67,1.32,0.23,0.16,0.76
2024-03-22,70.63,69.96,70.63,69.38,104672,2266796544.33,1.77,-0.95,-0.67,0.90
2024-03-25,69.77,69.04,70.24,68.59,99109,2133902461.97,2.36,-1.32,-0.92,0.85
2024-03-26,69.64,70.84,70.97,69.40,131346,2864082716.93,2.27,2.61,1.80,1.13
2024-03-27,70.85,68.30,70.88,67.65,188849,4058093219.72,4.56,-3.59,-2.54,1.62
2024-03-28,67.59,67.10,68.26,66.31,159435,3327175192.21,2.86,-1.76,-1.20,1.37
2024-03-29,67.12,65.33,67.15,64.70,141381,2873380485.75,3.65,-2.64,-1.77,1.21
2024-04-01,65.33,68.31,68.64,65.33,142909,2995671850.58,5.07,4.56,2.98,1.23
2024-04-02,68.31,68.42,70.08,68.24,107585,2301699125.87,2.69,0.16,0.11,0.92
2024-04-03,67.81,67.03,68.01,66.83,83634,1747159207.03,1.72,-2.03,-1.39,0.72
2024-04-08,66.64,68.31,69.31,66.44,128227,2722271577.79,4.28,1.91,1.28,1.10
2024-04-09,68.23,68.34,69.31,68.09,84208,1791256312.56,1.79,0.04,0.03,0.72
2024-04-10,69.08,68.26,69.14,67.64,72411,1537375543.48,2.19,-0.12,-0.08,0.62
2024-04-11,67.31,68.64,69.46,66.91,100854,2130444827.97,3.74,0.56,0.38,0.87
2024-04-12,68.31,67.84,70.04,67.49,114918,2453371047.11,3.72,-1.17,-0.80,0.99
2024-04-15,67.64,68.85,69.48,67.34,113332,2418635356.92,3.15,1.49,1.01,0.97
2024-04-16,68.44,68.19,69.43,67.88,98323,2090984650.23,2.25,-0.96,-0.66,0.84
2024-04-17,67.98,68.64,68.70,67.51,96922,2046775944.73,1.75,0.66,0.45,0.83
2024-04-18,68.31,68.84,69.81,67.44,133998,2863779538.22,3.45,0.29,0.20,1.15
2024-04-19,68.37,67.69,68.60,66.66,111770,2342512356.49,2.82,-1.67,-1.15,0.96
2024-04-22,67.64,67.16,68.15,67.01,64695,1353615963.08,1.68,-0.78,-0.53,0.56
2024-04-23,67.16,65.99,67.16,65.64,87300,1793533842.51,2.26,-1.74,-1.17,0.75
2024-04-24,66.61,66.78,67.24,65.81,74979,1546983915.54,2.17,1.20,0.79,0.64
2024-04-25,66.78,67.29,68.15,66.52,94684,1980120669.24,2.44,0.76,0.51,0.81
2024-04-26,67.64,70.77,70.90,67.64,253454,5502292294.48,4.84,5.17,3.48,2.18
2024-04-29,71.34,71.44,72.78,70.55,191676,4256800047.75,3.15,0.95,0.67,1.65
2024-04-30,72.14,70.48,72.44,70.48,115560,2542063035.11,2.74,-1.34,-0.96,0.99
2024-05-06,72.64,73.08,73.77,72.14,186779,4226418539.22,2.31,3.69,2.60,1.60
2024-05-07,73.08,74.27,74.97,72.32,144190,3301364339.72,3.63,1.63,1.19,1.24
2024-05-08,73.82,73.05,73.94,72.98,91132,2070673827.40,1.29,-1.64,-1.22,0.78
2024-05-09,73.08,73.69,73.78,73.03,79007,1796491172.59,1.03,0.88,0.64,0.68
2024-05-10,73.31,73.58,74.15,72.98,80613,1833828035.67,1.59,-0.15,-0.11,0.69
2024-05-13,72.71,72.88,73.43,71.84,82481,1857506899.26,2.16,-0.95,-0.70,0.71
2024-05-14,72.88,72.61,73.50,72.35,62619,1414943425.01,1.58,-0.37,-0.27,0.54
2024-05-15,72.48,70.69,72.98,70.41,99734,2204936672.77,3.54,-2.64,-1.92,0.86
2024-05-16,70.69,70.41,70.96,69.85,87157,1901165661.74,1.57,-0.40,-0.28,0.75
2024-05-17,70.77,70.84,71.09,70.20,71487,1564639157.87,1.26,0.61,0.43,0.61
2024-05-20,70.47,71.93,72.31,70.47,75959,1688534368.27,2.60,1.54,1.09,0.65
2024-05-21,71.64,70.57,71.64,70.12,84080,1838619340.95,2.11,-1.89,-1.36,0.72
2024-05-22,70.37,69.95,70.81,69.36,88398,1916325810.23,2.05,-0.88,-0.62,0.76
2024-05-23,69.59,69.29,69.59,68.81,62287,1336506236.87,1.12,-0.94,-0.66,0.54
2024-05-24,68.97,67.41,68.98,67.24,102876,2166851356.35,2.51,-2.71,-1.88,0.88
2024-05-27,67.64,67.09,67.91,66.51,76046,1580461907.49,2.08,-0.47,-0.32,0.65
2024-05-28,67.24,66.77,67.28,66.50,60946,1265112510.56,1.16,-0.48,-0.32,0.52
2024-05-29,67.98,72.54,72.98,67.97,302648,6633165250.97,7.50,8.64,5.77,2.60
2024-05-30,72.45,73.60,74.10,72.28,223792,5070762670.70,2.51,1.46,1.06,1.93
2024-05-31,73.91,73.98,74.84,73.31,185430,4264400521.58,2.08,0.52,0.38,1.60
2024-06-03,73.98,76.68,77.80,72.97,270146,6370453739.00,6.53,3.65,2.70,2.32
2024-06-04,76.61,77.03,77.58,76.29,157429,3744672009.99,1.68,0.46,0.35,1.35
2024-06-05,77.14,77.91,79.74,77.14,194434,4732184009.34,3.38,1.14,0.88,1.67
2024-06-06,78.04,77.14,78.91,76.81,175865,4227834836.23,2.70,-0.99,-0.77,1.51
2024-06-07,77.32,76.14,78.11,75.02,182594,4304211408.71,4.01,-1.30,-1.00,1.57
2024-06-11,75.85,79.19,79.64,75.75,221597,5386278075.64,5.11,4.01,3.05,1.91
2024-06-12,78.19,78.61,80.16,78.19,187332,4573251956.69,2.49,-0.73,-0.58,1.61
2024-06-13,80.58,81.97,83.74,80.35,292519,7423395269.91,4.31,4.27,3.36,2.52
2024-06-14,81.47,81.99,82.29,79.82,202610,5066109116.72,3.01,0.02,0.02,1.74
2024-06-17,81.64,83.38,84.27,81.27,208649,5371512599.82,3.66,1.70,1.39,1.79
2024-06-18,82.84,82.86,83.41,81.98,128789,3282495366.50,1.72,-0.62,-0.52,1.11
2024-06-19,82.98,82.31,83.64,82.11,99108,2529117363.53,1.85,-0.66,-0.55,0.85
2024-06-20,81.94,81.48,82.23,80.74,116200,2921098947.88,1.81,-1.01,-0.83,1.00
2024-06-21,81.64,81.20,82.43,80.25,116330,2916085593.76,2.68,-0.34,-0.28,1.00
2024-06-24,80.98,80.96,82.30,80.24,108423,2719528810.03,2.54,-0.30,-0.24,0.93
2024-06-25,81.64,82.31,83.89,81.10,195746,4998561939.22,3.45,1.67,1.35,1.68
2024-06-26,81.64,81.88,82.41,80.77,111917,2814435213.53,1.99,-0.52,-0.43,0.96
2024-06-27,81.32,80.81,81.76,80.45,82911,2074271452.09,1.60,-1.31,-1.07,0.71
2024-06-28,80.31,81.06,81.69,79.94,92982,2324520983.89,2.17,0.31,0.25,0.80
2024-07-01,81.06,79.91,81.59,78.48,129273,3179627870.49,3.84,-1.42,-1.15,1.11
2024-07-02,79.93,78.97,80.21,78.66,102627,2515326294.99,1.94,-1.18,-0.94,0.88
2024-07-03,78.96,78.68,79.44,77.64,96574,2340645421.07,2.28,-0.37,-0.29,0.83
2024-07-04,79.31,79.19,80.87,79.14,99196,2449191850.83,2.20,0.65,0.51,0.85
2024-07-05,78.70,78.32,79.14,77.27,95665,2308221433.20,2.36,-1.10,-0.87,0.82
2024-07-08,78.24,79.31,80.38,78.04,105375,2591239966.71,2.99,1.26,0.99,0.91
2024-07-09,79.38,81.84,82.15,78.15,140763,3506898661.22,5.04,3.19,2.53,1.21
2024-07-10,81.81,81.81,83.15,81.48,109283,2767913672.44,2.04,-0.04,-0.03,0.94
2024-07-11,82.64,82.00,83.06,81.54,100359,2546645361.94,1.86,0.23,0.19,0.86
2024-07-12,82.15,85.18,85.64,81.61,188863,4891988725.17,4.91,3.88,3.18,1.62
2024-07-15,85.08,84.88,85.91,84.51,98716,2590423501.88,1.64,-0.35,-0.30,0.85
2024-07-16,84.51,83.97,85.04,83.09,117588,3043326155.82,2.30,-1.07,-0.91,1.01
2024-07-17,83.98,84.15,84.82,83.18,105192,2726321475.46,1.95,0.21,0.18,0.90
2024-07-18,83.61,84.79,85.28,83.48,95322,2487441703.58,2.14,0.76,0.64,0.82
2024-07-19,84.48,85.66,86.31,84.22,136214,3593320511.78,2.46,1.03,0.87,1.17
2024-07-22,85.68,86.18,87.68,85.68,100750,2688874276.28,2.33,0.61,0.52,0.87
2024-07-23,85.97,82.05,86.11,81.98,167410,4318283785.42,4.79,-4.79,-4.13,1.44
2024-07-24,82.05,80.97,82.69,80.47,118640,2976544505.07,2.71,-1.32,-1.08,1.02
2024-07-25,80.97,81.11,82.49,80.14,101104,2533958369.11,2.90,0.17,0.14,0.87
2024-07-26,81.97,82.63,83.52,81.36,124842,3180235006.51,2.66,1.87,1.52,1.07
2024-07-29,82.99,81.71,83.01,80.87,78859,1960649994.07,2.59,-1.11,-0.92,0.68
2024-07-30,81.21,79.98,81.28,79.22,110393,2686057413.63,2.52,-2.12,-1.73,0.95
2024-07-31,79.55,81.03,81.35,79.53,87490,2153504528.39,2.28,1.31,1.05,0.75
2024-08-01,81.34,80.08,81.59,78.68,103635,2519341335.40,3.59,-1.17,-0.95,0.89
2024-08-02,79.34,76.94,79.43,76.88,145671,3453944602.55,3.18,-3.92,-3.14,1.25
2024-08-05,75.62,75.74,77.57,75.35,105268,2457359662.24,2.89,-1.56,-1.20,0.91
2024-08-06,76.68,74.99,76.88,74.00,129102,2955783827.37,3.80,-0.99,-0.75,1.11
2024-08-07,75.02,74.99,75.68,74.17,82022,1882919963.49,2.01,0.00,0.00,0.71
2024-08-08,74.61,74.16,74.61,73.18,85357,1925911439.18,1.91,-1.11,-0.83,0.73
2024-08-09,74.70,75.88,77.30,74.69,119852,2790790707.01,3.52,2.32,1.72,1.03
2024-08-12,76.01,75.48,76.51,75.18,53779,1242071532.34,1.75,-0.53,-0.40,0.46
2024-08-13,75.46,74.92,75.47,74.01,60437,1378452593.36,1.93,-0.74,-0.56,0.52
2024-08-14,74.88,74.21,74.88,73.74,56330,1276584732.10,1.52,-0.95,-0.71,0.48
2024-08-15,74.20,75.84,76.18,73.64,88545,2039684342.39,3.42,2.20,1.63,0.76
2024-08-16,76.05,77.05,78.12,75.51,102219,2406276093.84,3.44,1.60,1.21,0.88
2024-08-19,77.09,77.15,78.34,77.01,70182,1662452527.07,1.73,0.13,0.10,0.60
2024-08-20,77.34,77.50,77.79,76.49,62484,1475807675.68,1.69,0.45,0.35,0.54
2024-08-21,76.90,79.01,79.72,76.01,111043,2658947673.91,4.79,1.95,1.51,0.96
2024-08-22,79.01,78.85,79.60,78.55,62488,1506260848.31,1.33,-0.20,-0.16,0.54
2024-08-23,78.61,78.46,79.11,78.06,49786,1193437029.74,1.33,-0.49,-0.39,0.43
2024-08-26,78.51,78.48,79.68,77.91,56513,1354660288.18,2.26,0.03,0.02,0.49
2024-08-27,77.85,78.94,79.10,77.51,50926,1219258016.16,2.03,0.59,0.46,0.44
2024-08-28,78.77,77.63,78.77,76.28,89041,2098577189.51,3.15,-1.66,-1.31,0.77
2024-08-29,76.45,76.96,77.51,75.78,79385,1858678051.41,2.23,-0.86,-0.67,0.68
2024-08-30,78.00,81.82,82.61,77.76,193028,4764660206.01,6.30,6.31,4.86,1.66
2024-09-02,81.35,79.04,82.15,79.01,101135,2468600915.45,3.84,-3.40,-2.78,0.87
2024-09-03,78.81,81.04,81.16,78.81,101820,2497421913.25,2.97,2.53,2.00,0.88
2024-09-04,80.51,82.12,82.64,80.49,100606,2506778350.99,2.65,1.33,1.08,0.87
2024-09-05,82.01,82.96,83.88,81.88,100126,2542189362.96,2.44,1.02,0.84,0.86
2024-09-06,82.96,82.54,83.71,82.48,78142,1982245013.05,1.48,-0.51,-0.42,0.67
2024-09-09,81.84,82.00,83.33,81.54,70851,1774845243.84,2.17,-0.65,-0.54,0.61
2024-09-10,82.01,81.89,82.94,81.55,61248,1533462723.87,1.70,-0.13,-0.11,0.53
2024-09-11,82.01,84.71,85.54,81.82,155361,4001603969.48,4.54,3.44,2.82,1.34
2024-09-12,84.91,84.35,85.34,84.34,77251,1995755898.51,1.18,-0.42,-0.36,0.66
2024-09-13,84.41,83.67,84.68,83.63,56992,1458587905.76,1.24,-0.81,-0.68,0.49
2024-09-18,83.68,84.82,85.12,83.38,66820,1715595537.64,2.08,1.37,1.15,0.57
2024-09-19,85.01,83.80,85.14,83.11,91043,2326365318.90,2.39,-1.20,-1.02,0.78
2024-09-20,83.80,84.04,84.94,82.97,89898,2292829764.93,2.35,0.29,0.24,0.77
2024-09-23,83.99,82.01,84.33,81.61,107583,2712153559.79,3.24,-2.42,-2.03,0.93
2024-09-24,83.01,83.44,83.84,80.93,156495,3949080823.05,3.55,1.74,1.43,1.35
2024-09-25,84.68,86.28,88.56,84.56,205710,5442651982.01,4.79,3.40,2.84,1.77
2024-09-26,86.68,88.55,88.58,86.04,149066,3960197853.87,2.94,2.63,2.27,1.28
2024-09-27,89.68,93.34,96.01,89.18,309922,8683447958.42,7.71,5.41,4.79,2.67
2024-09-30,95.34,101.11,101.37,95.34,388805,11640545413.10,6.46,8.32,7.77,3.34
2024-10-08,111.36,107.80,111.36,101.11,443439,14484952068.34,10.14,6.62,6.69,3.81
2024-10-09,103.68,100.57,105.58,98.84,325919,10166970123.49,6.25,-6.71,-7.23,2.80
2024-10-10,102.01,103.97,106.01,102.00,250167,7918647495.83,3.99,3.38,3.40,2.15
2024-10-11,103.35,98.69,103.35,97.35,186418,5671879376.72,5.77,-5.08,-5.28,1.60
2024-10-14,99.01,101.01,102.00,98.74,172365,5268100404.73,3.30,2.35,2.32,1.48
2024-10-15,100.51,98.01,101.47,98.01,122149,3695577335.23,3.43,-2.97,-3.00,1.05
2024-10-16,96.34,95.27,97.34,94.34,150322,4362898826.78,3.06,-2.80,-2.74,1.29
2024-10-17,96.18,95.15,97.96,95.05,102457,3005198739.74,3.05,-0.13,-0.12,0.88
2024-10-18,95.16,98.78,100.74,94.70,191092,5674148204.69,6.35,3.82,3.63,1.64
2024-10-21,99.68,100.83,101.54,98.98,157816,4819617233.25,2.59,2.08,2.05,1.36
2024-10-22,100.34,100.26,102.05,99.68,103733,3174859558.84,2.35,-0.57,-0.57,0.89
2024-10-23,100.26,101.64,102.61,99.57,126695,3911383612.40,3.03,1.38,1.38,1.09
2024-10-24,101.64,99.90,102.00,99.54,96885,2959755260.68,2.42,-1.71,-1.74,0.83
2024-10-25,100.01,101.39,102.61,100.01,139820,4306245200.84,2.60,1.49,1.49,1.20
2024-10-28,101.68,100.38,101.68,99.26,109324,3323177977.18,2.39,-1.00,-1.01,0.94
2024-10-29,101.68,100.48,102.10,99.94,118546,3635542203.37,2.15,0.10,0.10,1.02
2024-10-30,99.68,100.53,101.18,99.18,108448,3301164357.47,1.99,0.05,0.05,0.93
2024-10-31,99.35,96.41,99.67,96.34,240852,7127704551.25,3.31,-4.10,-4.12,2.07
2024-11-01,96.41,95.45,97.21,95.38,143041,4174457395.28,1.90,-1.00,-0.96,1.23
2024-11-04,97.34,101.00,101.65,97.21,217319,6600399617.25,4.65,5.81,5.55,1.87
2024-11-05,100.03,101.18,101.49,98.84,167820,5124245708.80,2.62,0.18,0.18,1.44
2024-11-06,101.34,98.80,101.93,98.01,184861,5611830833.85,3.87,-2.35,-2.38,1.59
2024-11-07,97.02,99.27,99.30,96.68,150676,4484370171.83,2.65,0.48,0.47,1.30
2024-11-08,101.05,97.98,101.18,97.68,166716,5022195686.37,3.53,-1.30,-1.29,1.43
2024-11-11,97.01,98.44,98.50,96.21,180859,5349190917.28,2.34,0.47,0.46,1.56
2024-11-12,98.73,98.95,102.01,98.45,246557,7520312653.80,3.62,0.52,0.51,2.12
2024-11-13,98.01,98.87,99.12,97.11,145116,4326957543.62,2.03,-0.08,-0.08,1.25
2024-11-14,98.68,96.93,98.78,96.68,124583,3690676831.42,2.12,-1.96,-1.94,1.07
2024-11-15,96.94,95.34,97.27,94.68,153236,4471450174.24,2.67,-1.64,-1.59,1.32
2024-11-18,95.35,94.90,96.33,94.23,116206,3364288894.42,2.20,-0.46,-0.44,1.00
2024-11-19,94.90,94.67,95.84,92.68,131947,3785016710.44,3.33,-0.24,-0.23,1.14
2024-11-20,94.68,94.83,95.48,93.84,106017,3049973686.34,1.73,0.17,0.16,0.91
2024-11-21,94.83,94.01,94.84,93.34,95533,2727230001.41,1.58,-0.86,-0.82,0.82
2024-11-22,93.84,91.51,93.96,91.34,125142,3529973028.97,2.79,-2.66,-2.50,1.08
2024-11-25,93.01,93.01,95.13,92.31,174533,4981714331.78,3.08,1.64,1.50,1.50
2024-11-26,92.01,92.35,94.01,91.30,95206,2686423189.13,2.91,-0.71,-0.66,0.82
2024-11-27,91.77,92.34,92.34,91.01,110003,3068303752.07,1.44,-0.01,-0.01,0.95
2024-11-28,92.41,90.20,92.53,89.68,158589,4365779156.54,3.09,-2.32,-2.14,1.36
2024-11-29,89.68,90.29,91.30,89.36,128005,3516186178.74,2.15,0.10,0.09,1.10
2024-12-02,90.88,92.81,93.34,90.04,151357,4255616768.38,3.65,2.79,2.52,1.30
2024-12-03,93.61,92.89,93.97,92.20,91450,2585320048.37,1.91,0.09,0.08,0.79
2024-12-04,92.46,92.00,93.12,91.61,85013,2389151937.26,1.63,-0.96,-0.89,0.73
2024-12-05,91.07,90.43,91.50,90.11,90268,2486214937.29,1.51,-1.71,-1.57,0.78
2024-12-06,90.57,92.10,92.67,90.01,124698,3469413044.88,2.94,1.85,1.67,1.07
2024-12-09,91.75,92.17,93.34,91.24,92153,2590143544.39,2.28,0.08,0.07,0.79
2024-12-10,96.34,92.86,96.68,92.68,175929,5057037510.83,4.34,0.75,0.69,1.51
2024-12-11,92.69,92.27,93.30,91.81,93360,2623997225.72,1.60,-0.64,-0.59,0.80
2024-12-12,92.04,93.24,93.24,91.48,100134,2816818034.74,1.91,1.05,0.97,0.86
2024-12-13,92.45,90.85,92.55,90.82,112359,3130392699.07,1.86,-2.56,-2.39,0.97
2024-12-16,90.85,90.33,91.40,89.87,71490,1967314539.05,1.68,-0.57,-0.52,0.61
2024-12-17,90.32,92.94,93.90,90.00,175682,4960329885.56,4.32,2.89,2.61,1.51
2024-12-18,93.09,93.56,94.30,92.89,84106,2397657885.43,1.52,0.67,0.62,0.72
2024-12-19,92.61,93.81,94.32,92.01,86729,2465377213.90,2.47,0.27,0.25,0.75
2024-12-20,93.68,92.08,94.26,92.08,96707,2730666916.66,2.32,-1.84,-1.73,0.83
2024-12-23,92.18,92.24,93.11,91.64,81516,2291275853.09,1.60,0.17,0.16,0.70
2024-12-24,91.97,94.82,94.85,91.72,142287,4072070487.74,3.39,2.80,2.58,1.22
2024-12-25,94.92,93.98,95.80,93.91,83391,2405517152.19,1.99,-0.89,-0.84,0.72
2024-12-26,93.98,93.63,94.28,93.34,67605,1928774413.55,1.00,-0.37,-0.35,0.58
2024-12-27,94.28,94.10,94.53,93.01,78683,2249658028.46,1.62,0.50,0.47,0.68
2024-12-30,94.41,93.67,95.18,93.12,82947,2371257353.79,2.19,-0.46,-0.43,0.71
2024-12-31,93.68,92.90,94.18,92.68,77620,2201903440.10,1.60,-0.82,-0.77,0.67
2025-01-02,93.01,89.04,93.04,88.48,168784,4624073917.86,4.91,-4.16,-3.86,1.45
2025-01-03,89.18,88.92,90.21,88.09,99365,2693072230.19,2.38,-0.13,-0.12,0.85
2025-01-06,89.32,89.10,89.97,88.35,82447,2236590143.88,1.82,0.20,0.18,0.71
2025-01-07,89.10,90.02,91.25,87.84,95722,2627167272.83,3.83,1.03,0.92,0.82
2025-01-08,89.67,88.40,90.01,87.28,109082,2933447141.97,3.03,-1.80,-1.62,0.94
2025-01-09,88.34,88.47,89.24,87.56,65613,1766873664.35,1.90,0.08,0.07,0.56
2025-01-10,88.34,87.35,88.81,86.94,80548,2147363099.92,2.11,-1.27,-1.12,0.69
2025-01-13,86.34,87.34,88.17,86.08,67214,1787448697.26,2.39,-0.01,-0.01,0.58
2025-01-14,87.46,90.78,91.06,87.35,125790,3438827616.87,4.25,3.94,3.44,1.08
2025-01-15,90.74,90.24,91.11,90.18,62336,1718769123.17,1.02,-0.59,-0.54,0.54
2025-01-16,90.24,89.60,91.12,88.85,72572,1984685717.90,2.52,-0.71,-0.64,0.62
2025-01-17,89.85,90.88,91.74,89.50,86142,2376770800.05,2.50,1.43,1.28,0.74
2025-01-20,91.68,93.49,94.15,91.65,135797,3863727458.08,2.75,2.87,2.61,1.17
2025-01-21,93.68,94.03,94.49,93.01,76441,2184132797.30,1.58,0.58,0.54,0.66
2025-01-22,93.68,92.84,94.11,91.94,81057,2287303620.42,2.31,-1.27,-1.19,0.70
2025-01-23,93.67,91.05,93.68,91.01,96174,2690601164.04,2.88,-1.93,-1.79,0.83
2025-01-24,90.85,91.70,92.18,90.68,68144,1898979250.77,1.65,0.71,0.65,0.59
2025-01-27,91.71,90.18,92.05,90.18,63408,1755529339.70,2.04,-1.66,-1.52,0.55
2025-02-05,92.92,92.94,94.26,92.54,145351,4128876836.05,1.91,3.06,2.76,1.25
2025-02-06,92.95,102.37,102.37,92.83,381459,11416508784.31,10.26,10.15,9.43,3.28
2025-02-07,105.34,107.64,108.68,103.34,487075,15691989047.57,5.22,5.15,5.27,4.19
2025-02-10,107.65,108.72,109.34,105.87,272711,8908518536.60,3.22,1.00,1.08,2.35
2025-02-11,111.78,108.64,112.11,107.35,280364,9315885530.05,4.38,-0.07,-0.08,2.41
2025-02-12,107.84,113.69,114.32,106.23,279357,9451048634.30,7.45,4.65,5.05,2.40
2025-02-13,112.41,112.44,114.13,111.84,199840,6859997620.51,2.01,-1.10,-1.25,1.72
2025-02-14,112.52,117.36,118.54,112.52,243645,8574633633.17,5.35,4.38,4.92,2.10
2025-02-17,117.36,114.84,118.28,113.51,232015,8111345838.94,4.06,-2.15,-2.52,2.00
2025-02-18,115.81,117.42,119.84,114.96,251797,8977762526.02,4.25,2.25,2.58,2.17
2025-02-19,116.52,118.18,118.68,116.34,161918,5784129670.21,1.99,0.65,0.76,1.39
2025-02-20,119.84,119.60,121.23,118.08,156937,5695876654.95,2.67,1.20,1.42,1.35
2025-02-21,120.68,126.34,127.51,120.42,239292,9089497618.41,5.93,5.64,6.74,2.06
2025-02-24,127.01,124.10,128.23,123.17,199407,7586289373.78,4.01,-1.77,-2.24,1.72
2025-02-25,122.01,122.84,125.34,121.61,161103,6008878409.26,3.01,-1.02,-1.26,1.39
2025-02-26,122.84,122.71,123.94,120.34,138529,5125594765.18,2.93,-0.11,-0.13,1.19
2025-02-27,126.01,123.84,126.67,122.35,168446,6350435990.24,3.52,0.92,1.13,1.45
2025-02-28,122.38,119.28,123.60,118.35,239304,8762214821.87,4.24,-3.68,-4.56,2.06
2025-03-03,121.68,118.75,122.01,117.94,152078,5524500397.17,3.41,-0.44,-0.53,1.31
2025-03-04,112.02,113.62,114.68,111.35,263453,9062924960.49,2.80,-4.32,-5.13,2.27
2025-03-05,114.34,116.66,117.07,114.34,139069,4885879812.39,2.40,2.68,3.04,1.20
2025-03-06,118.74,118.32,119.40,117.68,114601,4120637644.50,1.47,1.42,1.66,0.99
2025-03-07,118.31,117.48,119.01,117.09,87584,3131517605.20,1.62,-0.71,-0.84,0.75
2025-03-10,117.31,115.68,117.81,115.01,99177,3484351089.32,2.38,-1.53,-1.80,0.85
2025-03-11,113.68,115.47,115.93,113.64,95370,3314689326.43,1.98,-0.18,-0.21,0.82
2025-03-12,116.83,115.68,118.64,115.68,129511,4593312533.26,2.56,0.18,0.21,1.11
2025-03-13,115.97,116.84,117.80,115.72,102211,3624758940.84,1.80,1.00,1.16,0.88
2025-03-14,117.68,123.99,124.40,117.22,224697,8292987453.86,6.15,6.12,7.15,1.93
2025-03-17,126.12,125.43,126.34,124.00,133069,5060211612.55,1.89,1.16,1.44,1.14
2025-03-18,128.19,126.87,128.68,125.35,173339,6672881109.13,2.65,1.15,1.44,1.49
2025-03-19,126.85,131.03,131.68,126.19,188352,7404859764.84,4.33,3.28,4.16,1.62
2025-03-20,132.01,132.01,133.14,130.67,159413,6372989565.18,1.89,0.75,0.98,1.37
2025-03-21,129.68,122.68,129.78,122.01,282107,10685254370.83,5.89,-7.07,-9.33,2.43
2025-03-24,124.34,123.80,124.84,121.30,147894,5522974120.00,2.89,0.91,1.12,1.27
2025-03-25,124.67,121.87,125.21,121.67,123085,4595791802.18,2.86,-1.56,-1.93,1.06
2025-03-26,121.87,124.01,125.01,121.34,120205,4503762855.04,3.01,1.76,2.14,1.03
2025-03-27,124.04,127.51,129.10,124.04,144394,5554865370.91,4.08,2.82,3.50,1.24
2025-03-28,127.51,126.18,128.94,125.84,114940,4428715749.31,2.43,-1.04,-1.33,0.99
2025-03-31,125.34,123.64,126.44,123.34,115784,4370400299.42,2.46,-2.01,-2.54,1.00
2025-04-01,124.60,120.51,124.63,120.13,154072,5663384880.32,3.64,-2.53,-3.13,1.33
2025-04-02,120.34,118.84,120.57,118.30,117100,4226638862.52,1.88,-1.39,-1.67,1.01
2025-04-03,117.18,117.85,119.19,116.76,101023,3618676870.28,2.04,-0.83,-0.99,0.87
2025-04-07,109.79,105.93,111.24,105.93,273498,8911483833.66,4.51,-10.11,-11.92,2.35
2025-04-08,105.93,107.85,110.64,104.68,274644,8924529992.96,5.63,1.81,1.92,2.36
2025-04-09,105.28,106.88,108.01,103.23,211939,6822376377.27,4.43,-0.90,-0.97,1.82
2025-04-10,110.18,110.81,114.36,110.01,210896,7165511480.53,4.07,3.68,3.93,1.81
2025-04-11,111.01,117.00,117.86,110.81,189945,6621821826.86,6.36,5.59,6.19,1.63
2025-04-14,119.74,118.34,119.91,117.21,142069,5115484102.70,2.31,1.15,1.34,1.22
2025-04-15,120.21,118.67,120.34,117.79,116516,4195947008.50,2.15,0.28,0.33,1.00
2025-04-16,117.55,116.06,117.68,114.71,131828,4618462218.32,2.50,-2.20,-2.61,1.13
2025-04-17,115.32,115.24,116.49,114.23,85289,2985985218.94,1.95,-0.71,-0.82,0.73
2025-04-18,114.64,114.01,114.64,113.34,73860,2553879766.85,1.13,-1.07,-1.23,0.64
2025-04-21,114.01,114.93,115.30,113.76,74953,2609226235.17,1.35,0.81,0.92,0.64
2025-04-22,114.93,116.96,117.65,114.27,112122,3956085869.05,2.94,1.77,2.03,0.96
2025-04-23,124.34,122.67,124.68,121.09,247927,9216822110.03,3.07,4.88,5.71,2.13
2025-04-24,122.84,120.68,123.54,119.79,150892,5557113198.78,3.06,-1.62,-1.99,1.30
2025-04-25,122.01,122.29,123.78,121.38,133869,4975314905.12,1.99,1.33,1.61,1.15
2025-04-28,121.05,118.68,121.05,117.53,179783,6459136359.64,2.88,-2.95,-3.61,1.55
2025-04-29,118.38,117.01,118.89,116.34,118983,4237606410.13,2.15,-1.41,-1.67,1.02
2025-04-30,116.98,116.37,116.99,115.11,130479,4599074534.65,1.61,-0.55,-0.64,1.12
2025-05-06,118.68,118.66,119.44,117.32,148294,5326196143.28,1.82,1.97,2.29,1.28
2025-05-07,120.34,118.41,120.57,118.06,108840,3937980382.23,2.12,-0.21,-0.25,0.94
2025-05-08,117.52,118.44,119.34,117.24,83382,2994908337.11,1.77,0.03,0.03,0.72
2025-05-09,118.93,119.75,120.68,118.44,143726,5218995470.89,1.89,1.11,1.31,1.24
2025-05-12,120.34,122.10,122.10,118.87,161370,5890708994.27,2.70,1.96,2.35,1.39
2025-05-13,124.01,120.84,124.20,120.69,131771,4874657843.91,2.87,-1.03,-1.26,1.13
2025-05-14,120.84,123.04,123.04,119.80,135693,5012059706.80,2.68,1.82,2.20,1.17
2025-05-15,123.01,124.28,127.01,121.77,208801,7894571014.52,4.26,1.01,1.24,1.80
2025-05-16,123.69,128.40,129.01,123.20,229328,8858484483.81,4.67,3.32,4.12,1.97
2025-05-19,128.01,126.28,128.01,124.34,161373,6159126224.05,2.86,-1.65,-2.12,1.39
2025-05-20,126.51,130.28,130.28,125.84,172100,6705400029.45,3.52,3.17,4.00,1.48
2025-05-21,129.99,132.01,133.34,129.01,199479,7967115092.16,3.32,1.33,1.73,1.72
2025-05-22,132.00,131.61,133.86,131.34,146363,5868800084.14,1.91,-0.30,-0.40,1.26
2025-05-23,131.68,133.68,137.67,131.39,235574,9627525188.04,4.77,1.57,2.07,2.03
2025-05-26,132.61,125.68,133.01,125.34,309551,12014228946.46,5.74,-5.98,-8.00,2.66
2025-05-27,123.97,122.81,125.68,121.64,230275,8594833865.33,3.21,-2.28,-2.87,1.98
2025-05-28,122.81,119.64,122.99,119.37,177754,6513230208.83,2.95,-2.58,-3.17,1.53
2025-05-29,118.54,119.05,120.68,117.04,192061,6942900394.87,3.04,-0.49,-0.59,1.65
2025-05-30,117.68,116.11,118.28,115.78,190560,6733498590.72,2.10,-2.47,-2.94,1.64
2025-06-03,115.76,117.34,118.01,115.01,181893,6453885813.19,2.58,1.06,1.23,1.56
2025-06-04,118.51,118.85,120.12,118.06,146904,5311224036.65,1.76,1.29,1.51,1.26
2025-06-05,119.47,118.93,119.59,117.35,108613,3908084317.51,1.88,0.07,0.08,0.93
2025-06-06,119.01,118.66,119.47,117.84,89698,3228098167.59,1.37,-0.23,-0.27,0.77
2025-06-09,117.38,114.72,117.48,113.71,255091,8932441522.56,3.18,-3.32,-3.94,2.19
2025-06-10,115.21,116.39,117.01,114.75,171786,6042960183.12,1.97,1.46,1.67,1.48
2025-06-11,116.68,119.34,120.67,116.68,203107,7326544793.73,3.43,2.53,2.95,1.75
2025-06-12,118.64,116.42,118.64,116.35,144047,5117764843.95,1.92,-2.45,-2.92,1.24
2025-06-13,115.18,114.01,115.31,112.51,210240,7256548253.58,2.41,-2.07,-2.41,1.81
2025-06-16,114.01,113.49,114.36,112.28,102284,3508947839.19,1.82,-0.46,-0.52,0.88
2025-06-17,113.34,113.26,114.14,112.81,70045,2408912943.95,1.17,-0.20,-0.23,0.60
2025-06-18,112.95,114.33,115.08,112.67,102897,3565398001.68,2.13,0.94,1.07,0.89
2025-06-19,113.35,112.18,113.77,112.13,100381,3437688886.94,1.43,-1.88,-2.15,0.86
2025-06-20,112.02,112.09,113.00,111.94,73538,2507526429.81,0.94,-0.08,-0.09,0.63
2025-06-23,110.96,111.41,111.91,109.88,94593,3185477391.05,1.81,-0.61,-0.68,0.81
2025-06-24,112.42,113.14,114.08,112.42,144713,4979495319.17,1.49,1.55,1.73,1.24
2025-06-25,114.01,115.10,115.25,113.02,125738,4352301719.65,1.97,1.73,1.96,1.08
2025-06-26,113.45,111.16,113.45,110.95,204932,6967640374.17,2.17,-3.42,-3.94,1.76
2025-06-27,110.01,110.09,110.92,109.82,138617,4633461708.45,0.99,-0.96,-1.07,1.19
2025-06-30,110.09,109.31,110.09,108.21,144003,4768270278.13,1.71,-0.71,-0.78,1.24
2025-07-01,108.78,109.12,109.79,108.27,88518,2931303336.66,1.39,-0.17,-0.19,0.76
2025-07-02,109.34,108.90,109.96,108.32,93270,3083342650.35,1.50,-0.20,-0.22,0.80
2025-07-03,109.00,110.20,110.43,108.90,123498,4123732531.23,1.40,1.19,1.30,1.06
2025-07-04,109.53,109.01,110.34,108.60,104104,3454495463.05,1.58,-1.08,-1.19,0.90
2025-07-07,108.41,108.21,108.84,108.16,88208,2901015557.38,0.62,-0.73,-0.80,0.76
2025-07-08,107.68,107.64,108.60,107.25,116918,3825413668.20,1.25,-0.53,-0.57,1.01
2025-07-09,107.64,107.28,108.08,107.27,121633,3969384130.10,0.75,-0.33,-0.36,1.05
2025-07-10,107.28,105.75,107.37,104.96,210022,6741345468.09,2.25,-1.43,-1.53,1.81
2025-07-11,105.31,106.65,107.63,105.02,168270,5456832017.95,2.47,0.85,0.90,1.45
2025-07-14,106.65,104.84,106.65,104.53,172309,5502331853.72,1.99,-1.70,-1.81,1.48
2025-07-15,104.74,106.36,107.01,104.68,162791,5252631321.92,2.22,1.45,1.52,1.40
2025-07-16,106.36,106.58,107.31,106.36,110758,3594544238.09,0.89,0.21,0.22,0.95
2025-07-17,107.01,108.02,108.25,106.71,156891,5138610960.73,1.44,1.35,1.44,1.35
2025-07-18,108.39,108.38,108.51,107.09,136866,4482466755.08,1.31,0.33,0.36,1.18
2025-07-21,108.01,110.05,110.05,107.76,153945,5102459145.61,2.11,1.54,1.67,1.32
2025-07-22,110.34,112.57,112.68,109.75,214164,7227731006.63,2.66,2.29,2.52,1.84
2025-07-23,112.71,111.37,113.01,111.01,158907,5395840274.18,1.78,-1.07,-1.20,1.37
2025-07-24,111.37,112.92,114.19,111.22,189063,6489370095.95,2.67,1.39,1.55,1.63
2025-07-25,112.34,111.32,112.48,110.34,157041,5307866610.59,1.90,-1.42,-1.60,1.35
2025-07-28,111.32,111.01,111.71,110.52,117057,3947000993.53,1.07,-0.28,-0.31,1.01
2025-07-29,112.01,111.42,112.50,109.77,387360,4322742015.41,2.46,0.37,0.41,1.11
2025-07-30,108.05,108.70,111.16,107.12,524834,5743878668.38,3.63,-2.44,-2.72,1.51
2025-07-31,108.20,105.24,108.20,105.00,599499,6344900790.83,2.94,-3.18,-3.46,1.72
2025-08-01,104.95,105.80,106.24,104.36,362337,3816659557.87,1.79,0.53,0.56,1.04
2025-08-04,104.00,104.88,105.14,102.57,412937,4293903589.58,2.43,-0.87,-0.92,1.18
2025-08-05,104.88,104.86,105.21,103.78,338350,3539636639.53,1.36,-0.02,-0.02,0.97
2025-08-06,104.86,104.35,105.00,103.90,305620,3184784992.59,1.05,-0.49,-0.51,0.88
2025-08-07,104.27,105.33,106.43,104.16,428763,4526612773.43,2.18,0.94,0.98,1.23
2025-08-08,105.00,103.93,105.03,103.91,326615,3405317252.01,1.06,-1.33,-1.40,0.94
2025-08-11,103.88,105.52,105.66,103.23,356698,3741329572.10,2.34,1.53,1.59,1.02
2025-08-12,105.40,105.67,106.43,104.70,312195,3302639096.41,1.64,0.14,0.15,0.90
2025-08-13,106.29,106.83,107.65,105.84,459830,4908744877.15,1.71,1.10,1.16,1.32
2025-08-14,107.37,106.37,107.50,105.79,419548,4478119017.41,1.60,-0.43,-0.46,1.20
2025-08-15,105.85,106.07,106.64,105.32,361353,3831047052.11,1.24,-0.28,-0.30,1.04
2025-08-18,105.66,108.37,109.49,105.66,619252,6680761816.28,3.61,2.17,2.30,1.78
2025-08-19,108.67,107.63,108.92,107.18,389735,4205349328.86,1.61,-0.68,-0.74,1.12
2025-08-20,107.18,108.25,108.26,106.01,385053,4130459251.50,2.09,0.58,0.62,1.10
2025-08-21,107.80,107.10,108.83,107.00,449464,4843670255.10,1.69,-1.06,-1.15,1.29
2025-08-22,107.11,110.66,110.97,107.11,763120,8351469725.95,3.60,3.32,3.56,2.19
2025-08-25,111.31,111.61,112.49,110.31,611628,6803182882.92,1.97,0.86,0.95,1.75
2025-08-26,111.75,113.75,114.69,110.71,692916,7850511029.36,3.57,1.92,2.14,1.99
2025-08-27,113.96,110.68,114.06,110.66,689747,7761766930.98,2.99,-2.70,-3.07,1.98
2025-08-28,109.39,109.32,110.19,107.11,762522,8278465955.83,2.78,-1.23,-1.36,2.19
2025-08-29,108.88,114.06,116.59,108.12,1144902,12973326090.99,7.75,4.34,4.74,3.28
2025-09-01,108.50,109.70,111.48,108.50,1329867,14546890246.63,2.61,-3.82,-4.36,3.81
2025-09-02,108.79,110.02,111.10,108.60,773224,8495472755.14,2.28,0.29,0.32,2.22
2025-09-03,110.50,107.21,110.73,107.01,735223,7975948715.56,3.38,-2.55,-2.81,2.11
2025-09-04,106.59,104.00,107.09,103.71,815741,8588835880.93,3.15,-2.99,-3.21,2.34
2025-09-05,103.86,107.26,107.50,103.11,787524,8307907947.57,4.22,3.13,3.26,2.26
2025-09-08,106.15,106.25,107.13,105.51,555923,5910440231.73,1.51,-0.94,-1.01,1.59
2025-09-09,106.00,105.49,107.20,105.27,381636,4049249506.54,1.82,-0.72,-0.76,1.09
2025-09-10,105.52,105.20,106.45,105.02,322369,3401353898.36,1.36,-0.27,-0.29,0.92
2025-09-11,105.25,106.59,106.60,104.89,537781,5683446688.51,1.63,1.32,1.39,1.54
2025-09-12,106.60,105.91,107.58,105.90,455910,4859782579.06,1.58,-0.64,-0.68,1.31
2025-09-15,106.00,108.70,110.85,106.00,974804,10620465040.63,4.58,2.63,2.79,2.80
2025-09-16,109.00,107.80,109.00,107.22,533160,5753437964.22,1.64,-0.83,-0.90,1.53
2025-09-17,108.20,110.99,112.00,108.20,981240,10827682692.16,3.53,2.96,3.19,2.81
2025-09-18,110.99,109.71,112.80,108.56,934014,10362193293.46,3.82,-1.15,-1.28,2.68
2025-09-19,109.80,109.09,110.80,109.00,472977,5188176204.40,1.64,-0.57,-0.62,1.36
2025-09-22,108.87,107.99,108.91,107.15,491559,5293961578.02,1.61,-1.01,-1.10,1.41
2025-09-23,107.45,105.60,107.69,104.64,650963,6888232045.71,2.82,-2.21,-2.39,1.87
2025-09-24,105.00,105.71,105.83,104.00,548162,5758922304.81,1.73,0.10,0.11,1.57
2025-09-25,105.34,107.50,108.80,104.87,693482,7421942404.64,3.72,1.69,1.79,1.99
2025-09-26,107.45,107.29,111.23,107.00,756612,8250492997.18,3.93,-0.20,-0.21,2.17
2025-09-29,107.00,108.61,109.14,106.39,613984,6621874267.35,2.56,1.23,1.32,1.76
2025-09-30,108.19,109.21,109.98,107.76,567756,6200518749.86,2.04,0.55,0.60,1.63
2025-10-09,108.67,110.60,112.48,108.07,1008722,11196004666.78,4.04,1.27,1.39,2.89
2025-10-10,110.55,107.79,110.55,107.58,590103,6420415513.32,2.69,-2.54,-2.81,1.69
2025-10-13,105.00,105.69,105.98,104.10,744430,7841774365.12,1.74,-1.95,-2.10,2.13
2025-10-14,106.68,105.99,109.36,105.62,767786,8244228528.63,3.54,0.28,0.30,2.20
2025-10-15,106.45,107.10,107.51,105.50,475791,5063179652.06,1.90,1.05,1.11,1.36
2025-10-16,107.00,106.96,109.30,106.51,523096,5628738804.39,2.61,-0.13,-0.14,1.50
2025-10-17,106.60,104.43,106.63,104.26,625725,6576614911.10,2.22,-2.37,-2.53,1.79
2025-10-20,105.22,104.52,105.63,104.08,355615,3721699722.10,1.48,0.09,0.09,1.02
2025-10-21,104.69,104.76,105.07,104.24,299074,3133789475.42,0.79,0.23,0.24,0.86
2025-10-22,104.10,103.78,104.32,103.37,357874,3715302135.68,0.91,-0.94,-0.98,1.03
2025-10-23,103.30,103.69,103.73,102.00,378603,3889661810.81,1.67,-0.09,-0.09,1.09
2025-10-24,103.98,103.76,104.37,103.61,305543,3173964302.23,0.73,0.07,0.07,0.88
2025-10-27,104.00,104.01,104.97,103.88,345988,3607756848.47,1.05,0.24,0.25,0.99
2025-10-28,104.02,103.72,104.32,103.50,265416,2755526046.73,0.79,-0.28,-0.29,0.76
2025-10-29,103.73,104.52,105.18,103.00,397340,4128608368.72,2.10,0.77,0.80,1.14
2025-10-30,104.00,103.61,104.86,103.50,358989,3733925602.84,1.30,-0.87,-0.91,1.03
2025-10-31,101.00,100.79,101.32,100.00,637053,6418551106.33,1.27,-2.72,-2.82,1.83
2025-11-03,100.79,99.60,100.99,98.50,551670,5472679664.54,2.47,-1.18,-1.19,1.58
2025-11-04,99.00,97.80,99.54,97.71,435017,4274197473.75,1.84,-1.81,-1.80,1.25
2025-11-05,96.66,95.80,96.66,94.73,587215,5617215879.19,1.97,-2.04,-2.00,1.68
2025-11-06,95.58,97.52,97.75,95.40,402004,3897723836.01,2.45,1.80,1.72,1.15
2025-11-07,97.00,97.20,98.15,96.83,322561,3145817990.54,1.35,-0.33,-0.32,0.92
2025-11-10,97.35,99.39,100.35,97.35,554877,5513238812.76,3.09,2.25,2.19,1.59
2025-11-11,99.50,98.71,99.78,98.14,319858,3161124109.67,1.65,-0.68,-0.68,0.92
2025-11-12,98.80,97.77,98.99,97.54,260643,2555847684.22,1.47,-0.95,-0.94,0.75
2025-11-13,97.01,99.83,100.50,97.01,579990,5759429263.98,3.57,2.11,2.06,1.66
2025-11-14,99.00,98.37,100.50,98.33,342985,3396134915.94,2.17,-1.46,-1.46,0.98
2025-11-17,97.80,98.08,98.59,97.25,207248,2029207778.62,1.36,-0.29,-0.29,0.59
2025-11-18,97.54,96.49,97.85,96.02,304756,2949162764.52,1.87,-1.62,-1.59,0.87
2025-11-19,96.40,95.17,96.66,95.01,348292,3327809283.94,1.71,-1.37,-1.32,1.00
2025-11-20,95.17,93.61,95.50,93.50,391811,3692348084.89,2.10,-1.64,-1.56,1.12
2025-11-21,92.49,92.70,94.39,91.70,451713,4182916492.54,2.87,-0.97,-0.91,1.30
2025-11-24,93.10,93.93,94.41,92.20,327302,3064736738.52,2.38,1.33,1.23,0.94
2025-11-25,94.00,93.91,95.38,93.70,277489,2620855758.23,1.79,-0.02,-0.02,0.80
2025-11-26,94.75,95.09,95.44,94.45,306577,2914626392.70,1.05,1.26,1.18,0.88
2025-11-27,94.60,94.29,95.16,94.22,202280,1915349541.08,0.99,-0.84,-0.80,0.58
2025-11-28,94.60,95.17,95.23,94.20,219351,2080615710.10,1.09,0.93,0.88,0.63
2025-12-01,95.39,95.77,96.30,95.14,233713,2237016414.30,1.22,0.63,0.60,0.67
2025-12-02,96.42,96.62,97.80,96.25,359217,3483571735.40,1.62,0.89,0.85,1.03
2025-12-03,96.64,95.05,96.65,94.89,231573,2207429345.90,1.82,-1.62,-1.57,0.66
2025-12-04,94.92,95.24,95.29,94.20,166142,1576759405.22,1.15,0.20,0.19,0.48
2025-12-05,95.29,95.98,96.22,94.71,211618,2021250208.50,1.59,0.78,0.74,0.61
2025-12-08,96.21,96.53,97.15,96.21,247805,2397261754.42,0.98,0.57,0.55,0.71
2025-12-09,96.21,96.03,96.66,95.70,163227,1568057388.33,0.99,-0.52,-0.50,0.47
2025-12-10,95.60,96.47,96.65,94.90,198402,1902988179.72,1.82,0.46,0.44,0.57
2025-12-11,96.98,96.23,97.12,95.85,250908,2422448208.27,1.32,-0.25,-0.24,0.72
2025-12-12,96.20,97.00,97.70,95.65,554621,5390456375.38,2.13,0.80,0.77,1.59
2025-12-15,96.55,95.53,97.16,95.53,293301,2824248327.37,1.68,-1.52,-1.47,0.84
2025-12-16,95.50,94.25,95.70,94.14,258768,2450336536.01,1.63,-1.34,-1.28,0.74
2025-12-17,94.50,95.21,95.70,93.68,272825,2584139144.72,2.14,1.02,0.96,0.78
2025-12-18,94.39,93.53,94.60,93.50,252797,2376126962.27,1.16,-1.76,-1.68,0.72
2025-12-19,94.00,94.23,95.27,93.73,272068,2573037717.75,1.65,0.75,0.70,0.78
2025-12-22,94.70,94.37,95.36,94.25,206235,1952361858.31,1.18,0.15,0.14,0.59
2025-12-23,94.50,94.81,95.50,94.50,236617,2247679864.35,1.06,0.47,0.44,0.68
2025-12-24,94.80,94.42,94.80,94.05,192810,1819358258.51,0.79,-0.41,-0.39,0.55
2025-12-25,94.43,94.84,95.23,94.12,182202,1725723850.60,1.18,0.44,0.42,0.52
2025-12-26,95.28,100.01,101.45,95.25,1020959,10178557961.83,6.54,5.45,5.17,2.93
2025-12-29,100.50,100.21,101.30,99.60,519167,5209488142.03,1.70,0.20,0.20,1.49
2025-12-30,99.26,99.75,100.15,98.74,318756,3174697985.99,1.41,-0.46,-0.46,0.91
2025-12-31,99.98,97.72,100.20,97.38,402859,3955310311.36,2.83,-2.04,-2.03,1.16
2026-01-05,98.40,98.11,99.48,97.90,382625,3762797878.26,1.62,0.40,0.39,1.10
2026-01-06,98.22,99.99,100.50,98.12,521785,5185026166.42,2.43,1.92,1.88,1.50
2026-01-07,99.96,97.60,99.96,97.06,560849,5502570730.88,2.90,-2.39,-2.39,1.61
2026-01-08,97.20,96.88,97.20,96.33,300655,2908439428.93,0.89,-0.74,-0.72,0.86
2026-01-09,97.05,97.01,97.95,96.90,350341,3412630184.79,1.08,0.13,0.13,1.00
2026-01-12,97.01,97.47,98.00,96.30,425257,4125432529.12,1.75,0.47,0.46,1.22
2026-01-13,99.00,97.19,99.60,96.88,498723,4905229941.76,2.79,-0.29,-0.28,1.43
2026-01-14,96.81,96.10,97.74,95.51,514750,4975154616.41,2.29,-1.12,-1.09,1.48
2026-01-15,96.08,95.67,96.64,95.60,295635,2835803089.86,1.08,-0.45,-0.43,0.85
2026-01-16,96.70,95.86,97.44,95.60,384588,3705328915.52,1.92,0.20,0.19,1.10
2026-01-19,96.81,96.19,97.30,95.77,334927,3227653861.74,1.60,0.34,0.33,0.96
2026-01-20,96.22,94.74,96.26,94.68,389149,3699337566.25,1.64,-1.51,-1.45,1.12
2026-01-21,94.01,94.10,94.94,94.00,308334,2910327666.12,0.99,-0.68,-0.64,0.88
2026-01-22,94.72,94.12,95.13,93.89,291014,2741536605.29,1.32,0.02,0.02,0.83
2026-01-23,94.24,93.65,94.36,93.51,383303,3598066420.86,0.90,-0.50,-0.47,1.10
2026-01-26,93.65,92.63,93.66,92.50,375460,3485372554.28,1.24,-1.09,-1.02,1.08
2026-01-27,92.67,91.81,92.99,91.80,362981,3340756010.26,1.28,-0.89,-0.82,1.04
2026-01-28,91.80,93.34,93.50,90.01,715566,6553150013.29,3.80,1.67,1.53,2.05
2026-01-29,92.66,92.31,92.92,91.61,371825,3423462524.93,1.40,-1.10,-1.03,1.07
2026-01-30,92.27,90.89,92.27,90.70,329176,3001871204.27,1.70,-1.54,-1.42,0.94
2026-02-02,88.00,87.05,89.09,86.97,646974,5676850726.51,2.33,-4.22,-3.84,1.86
2026-02-03,87.20,87.37,87.40,85.88,377827,3275997178.85,1.75,0.37,0.32,1.08
2026-02-04,86.99,89.14,89.33,86.45,376505,3322530225.39,3.30,2.03,1.77,1.08
2026-02-05,88.50,90.11,91.23,88.33,354240,3184480192.98,3.25,1.09,0.97,1.02
2026-02-06,89.39,89.82,90.66,89.00,247088,2217096985.32,1.84,-0.32,-0.29,0.71
2026-02-09,90.50,90.06,90.65,89.83,208180,1875980039.28,0.91,0.27,0.24,0.60
2026-02-10,90.00,90.81,91.57,89.84,267605,2434219974.85,1.92,0.83,0.75,0.77
2026-02-11,90.88,92.28,92.95,90.88,396950,3662117778.54,2.28,1.62,1.47,1.14
2026-02-12,92.29,91.16,92.35,91.08,230313,2106032227.12,1.38,-1.21,-1.12,0.66
2026-02-13,90.05,90.27,91.09,89.88,217339,1963579416.68,1.33,-0.98,-0.89,0.62
2026-02-24,91.98,90.87,91.99,90.61,206445,1879888761.45,1.53,0.66,0.60,0.59
2026-02-25,90.89,91.45,92.79,90.89,324780,2985714580.09,2.09,0.64,0.58,0.93
2026-02-26,91.40,89.85,91.40,89.61,291019,2619922211.49,1.96,-1.75,-1.60,0.83
2026-02-27,89.40,89.32,89.94,89.10,219341,1962319079.40,0.93,-0.59,-0.53,0.63
2026-03-02,88.00,96.79,97.25,87.72,1435137,13507227574.29,10.67,8.36,7.47,4.12
2026-03-03,96.39,95.21,96.99,93.99,865741,8272503575.74,3.10,-1.63,-1.58,2.48
2026-03-04,95.20,95.99,96.80,93.70,700969,6674964517.79,3.26,0.82,0.78,2.01
2026-03-05,96.80,94.47,96.82,93.89,552440,5235746090.45,3.05,-1.58,-1.52,1.58
2026-03-06,96.00,93.62,96.00,93.25,503540,4743654924.93,2.91,-0.90,-0.85,1.44
2026-03-09,93.62,97.52,98.00,93.00,1093409,10562485734.53,5.34,4.17,3.90,3.14
2026-03-10,97.18,96.60,97.49,96.08,507462,4907397250.96,1.45,-0.94,-0.92,1.46
2026-03-11,96.75,99.22,100.34,95.67,903744,8925093667.94,4.83,2.71,2.62,2.59
2026-03-12,99.23,99.10,100.69,98.70,502524,4995016177.19,2.01,-0.12,-0.12,1.44
2026-03-13,99.00,99.67,100.79,98.30,519765,5199004697.47,2.51,0.58,0.57,1.49
2026-03-16,99.67,104.62,105.00,98.79,1087814,11184164654.67,6.23,4.97,4.95,3.12
2026-03-17,104.63,102.87,106.66,102.71,841389,8793237612.73,3.78,-1.67,-1.75,2.41
2026-03-18,102.82,101.69,102.82,100.05,617996,6257459329.85,2.69,-1.15,-1.18,1.77
2026-03-19,100.99,102.31,103.88,100.47,531059,5450382395.36,3.35,0.61,0.62,1.52
2026-03-20,102.00,103.03,104.45,101.56,628783,6495105103.63,2.82,0.70,0.72,1.80
2026-03-23,103.87,107.63,111.82,103.18,1782446,19284919428.95,8.39,4.46,4.60,5.11
2026-03-24,108.40,106.64,108.40,104.93,921446,9784806490.81,3.22,-0.92,-0.99,2.64
2026-03-25,106.72,106.60,107.66,105.28,662665,7061311677.57,2.23,-0.04,-0.04,1.90
2026-03-26,106.62,103.14,107.68,102.70,828121,8655663075.43,4.67,-3.25,-3.46,2.38
2026-03-27,103.99,105.30,105.89,102.75,658455,6893710025.99,3.04,2.09,2.16,1.89
2026-03-30,103.51,106.05,108.00,103.25,727557,7713482118.31,4.51,0.71,0.75,2.09
2026-03-31,107.00,105.25,108.49,105.10,588659,6283345063.15,3.20,-0.75,-0.80,1.69
2026-04-01,105.90,102.65,106.50,102.37,715198,7383168511.54,3.92,-2.47,-2.60,2.05
2026-04-02,102.49,101.65,103.48,100.50,604349,6153958207.60,2.90,-0.97,-1.00,1.73
2026-04-03,101.80,99.01,102.30,99.00,491745,4921224065.51,3.25,-2.60,-2.64,1.41
2026-04-07,99.50,97.98,99.77,97.45,379697,3731963029.90,2.34,-1.04,-1.03,1.09
2026-04-08,98.50,101.22,101.28,98.11,562818,5621410290.06,3.24,3.31,3.24,1.61
2026-04-09,100.21,99.03,100.21,98.81,379063,3764528220.20,1.38,-2.16,-2.19,1.09
2026-04-10,99.39,101.67,102.20,99.03,605731,6130392651.86,3.20,2.67,2.64,1.74
2026-04-13,101.57,104.25,104.99,100.81,663136,6887089022.36,4.11,2.54,2.58,1.90
2026-04-14,103.00,103.82,104.19,102.50,543343,5614541232.06,1.62,-0.41,-0.43,1.56
2026-04-15,103.82,103.03,104.77,102.50,428719,4431952619.71,2.19,-0.76,-0.79,1.23
2026-04-16,103.28,105.54,105.97,103.28,643661,6763624066.88,2.61,2.44,2.51,1.85
2026-04-17,104.99,103.78,105.46,103.12,442048,4595671718.33,2.22,-1.67,-1.76,1.27
2026-04-20,103.78,102.91,103.95,102.62,383677,3957213043.27,1.28,-0.84,-0.87,1.10
2026-04-21,102.91,101.53,103.19,101.33,432258,4398233494.97,1.81,-1.34,-1.38,1.24
2026-04-22,101.11,101.62,102.38,100.60,343733,3485648244.02,1.75,0.09,0.09,0.99
2026-04-23,101.57,99.98,101.59,99.01,492164,4915554212.21,2.54,-1.61,-1.64,1.41
2026-04-24,99.91,99.46,99.91,98.70,337739,3348015918.73,1.21,-0.52,-0.52,0.97
2026-04-27,100.00,102.34,104.00,99.88,601670,6169037081.86,4.14,2.90,2.88,1.73
2026-04-28,101.85,101.48,103.30,101.34,361550,3687912785.41,1.92,-0.84,-0.86,1.04
2026-04-29,101.47,105.40,105.64,101.00,1056558,11021927729.24,4.57,3.86,3.92,3.03
2026-04-30,104.54,102.98,105.45,102.37,600979,6206126903.48,2.92,-2.30,-2.42,1.72
2026-05-06,101.70,100.75,101.89,100.20,670487,6746578445.37,1.64,-2.17,-2.23,1.92
2026-05-07,101.05,100.46,101.26,100.01,468846,4708289850.76,1.24,-0.29,-0.29,1.34
2026-05-08,100.47,100.02,101.00,99.80,382158,3823821997.57,1.19,-0.44,-0.44,1.10
2026-05-11,100.02,100.44,100.73,99.00,482810,4812920714.72,1.73,0.42,0.42,1.38
2026-05-12,99.97,99.23,100.10,99.10,353441,3514548835.63,1.00,-1.20,-1.21,1.01
2026-05-13,99.23,98.60,99.25,97.81,456194,4481395883.54,1.45,-0.63,-0.63,1.31
2026-05-14,99.00,98.73,100.00,98.45,339180,3361151176.22,1.57,0.13,0.13,0.97
2026-05-15,98.00,96.30,98.03,96.26,466217,4507893857.51,1.79,-2.46,-2.43,1.34
2026-05-18,95.34,94.51,95.94,94.30,354613,3359745462.56,1.70,-1.86,-1.79,1.02
2026-05-19,94.51,96.00,96.08,93.80,296184,2822346576.25,2.41,1.58,1.49,0.85
2026-05-20,95.30,93.36,95.49,93.30,415010,3900216298.87,2.28,-2.75,-2.64,1.19
2026-05-21,93.41,93.51,96.20,93.41,373950,3540792198.97,2.99,0.16,0.15,1.07
2026-05-22,93.55,93.75,94.19,92.61,268592,2510615943.90,1.69,0.26,0.24,0.77
2026-05-25,95.00,95.96,97.21,95.00,405995,3900848661.64,2.36,2.36,2.21,1.16
2026-05-26,95.80,96.55,96.92,94.51,386524,3720039550.60,2.51,0.61,0.59,1.11
2026-05-27,96.00,95.22,97.27,94.66,362374,3467882770.14,2.70,-1.38,-1.33,1.04
2026-05-28,95.22,95.88,95.99,94.03,314590,2991315169.93,2.06,0.69,0.66,0.90
2026-05-29,98.90,96.18,99.50,96.13,606294,5901286621.17,3.51,0.31,0.30,1.74
2026-06-01,96.18,93.65,96.22,93.60,445981,4207350429.92,2.72,-2.63,-2.53,1.28
2026-06-02,96.00,96.76,96.88,94.31,554964,5321331038.06,2.74,3.32,3.11,1.59
2026-06-03,96.00,94.82,96.00,94.50,370434,3514157745.47,1.55,-2.00,-1.94,1.06
2026-06-04,93.60,93.44,94.39,93.10,318712,2982999607.13,1.36,-1.46,-1.38,0.91
2026-06-05,93.52,93.01,94.00,92.30,339969,3159266076.03,1.82,-0.46,-0.43,0.98
2026-06-08,91.00,91.19,92.02,90.30,316844,2885879183.01,1.85,-1.96,-1.82,0.91
2026-06-09,91.22,91.89,91.92,90.03,281927,2562232961.09,2.07,0.77,0.70,0.81
2026-06-10,91.00,90.31,91.00,90.10,241287,2182297137.41,0.98,-1.72,-1.58,0.69
2026-06-11,90.10,89.80,90.80,88.88,315087,2821436895.48,2.13,-0.56,-0.51,0.90
2026-06-12,89.90,91.60,91.78,89.25,385352,3497028504.68,2.82,2.00,1.80,1.11
2026-06-15,91.61,90.82,91.90,90.40,312979,2847656616.85,1.64,-0.85,-0.78,0.90
2026-06-16,90.35,89.64,90.50,89.50,336019,3017362612.74,1.10,-1.30,-1.18,0.96
2026-06-17,89.00,87.47,89.30,87.00,495267,4335318667.70,2.57,-2.42,-2.17,1.42
2026-06-18,87.00,88.13,89.33,86.08,435790,3820166909.92,3.72,0.75,0.66,1.25
2026-06-22,87.00,87.59,87.90,84.60,637242,5467321886.39,3.74,-0.61,-0.54,1.83
2026-06-23,86.91,85.00,88.32,84.75,466217,4016365834.08,4.08,-2.96,-2.59,1.34
2026-06-24,84.50,83.30,84.70,82.78,455735,3803649805.54,2.26,-2.00,-1.70,1.31
2026-06-25,82.80,82.20,83.81,81.34,556432,4579273325.40,2.97,-1.32,-1.10,1.60
2026-06-26,81.51,78.20,81.80,78.20,663208,5267490277.75,4.38,-4.87,-4.00,1.90
2026-06-29,78.20,79.64,80.95,77.60,523707,4160734872.56,4.28,1.84,1.44,1.50
2026-06-30,79.58,79.70,80.55,78.58,382043,3031865049.19,2.47,0.08,0.06,1.10
2026-07-01,79.90,80.66,81.65,78.55,503177,4035250996.65,3.89,1.20,0.96,1.44
2026-07-02,81.90,83.57,85.67,81.90,825046,6956783955.30,4.67,3.61,2.91,2.37
2026-07-03,83.73,88.47,88.88,83.60,838982,7298140284.07,6.32,5.86,4.90,2.41
2026-07-06,88.52,87.54,88.95,86.61,485828,4263991761.89,2.64,-1.05,-0.93,1.39
2026-07-07,87.66,86.26,88.81,85.87,389470,3378987289.20,3.36,-1.46,-1.28,1.12
2026-07-08,86.01,87.80,88.34,85.28,403809,3527472657.03,3.55,1.79,1.54,1.16
2026-07-09,86.50,86.87,87.77,85.80,377393,3270884062.04,2.24,-1.06,-0.93,1.08
2026-07-10,86.84,90.00,90.83,84.88,709332,6283278804.27,6.85,3.60,3.13,2.03
2026-07-13,89.00,86.98,89.00,86.78,424585,3714908441.87,2.47,-3.36,-3.02,1.22
2026-07-14,86.89,90.18,90.68,86.50,547075,4883296438.16,4.81,3.68,3.20,1.57
2026-07-15,89.65,91.76,93.48,89.45,514154,4733650608.75,4.47,1.75,1.58,1.47
2026-07-16,91.74,94.14,94.76,91.15,607204,5673387681.66,3.93,2.59,2.38,1.74
2026-07-17,94.14,93.47,95.95,91.90,687346,6442145672.28,4.30,-0.71,-0.67,1.97
